id,book,level,question_text,source_quote_current,book_page_NEW,source_quote_NEW,notes
04581ee2-bdfe-4f12-bfd3-239453ede335,nawawi,easy,"""رُفع عن أمتي الخطأ والنسيان وما استُكرهوا عليه"" يدل على:",الإجابة الصحيحة: رفع الحرج,,,
135d0bb6-d43e-4f1a-a566-2efe89c1e26d,nawawi,easy,ازهد في الدنيا يحبك الله، وازهد فيما عند الناس...,يحبك الله، ويحبك الناس.,,,
1db7086a-ddff-4b54-a188-3ab280f420cb,nawawi,easy,المسلم أخو المسلم، لا يظلمه ولا يخذله ولا يحقره.,كل المسلم على المسلم حرام.,,,
24a892d5-3cd5-484a-85db-63ba1cea2f82,nawawi,easy,"معنى ""آذنته بالحرب"" في حديث الولاية:",«أعلنت عليه الحرب» هو المعنى الصحيح المذكور في شرح الكتاب لهذه الكلمة/المصطلح.,,,
2dc97fc9-c142-4777-bb27-026eeee3da9f,nawawi,easy,"""كن في الدنيا كأنك غريب"" يحثّ على:",«قصر الأمل والاستعداد للآخرة» هي الإجابة المطابقة لِما ورد في النصّ والمعنى المراد.,,,
31d613b7-3a50-4285-9f06-5fec89170b83,nawawi,easy,استُشهد عمر بن الخطاب رضي الله عنه في السنة:,الإجابة الصحيحة: الثالثة والعشرين من الهجرة,,,
371c3a70-cb31-4f62-a927-3576432f673e,nawawi,easy,حب الخير للمسلمين من علامات الإيمان.,,,,
444a1228-2f73-44f1-99ba-720d9c572f4a,nawawi,easy,"حديث ""إنما الأعمال بالنيات"" يدل على أهمية:",الإجابة الصحيحة: النية والإخلاص,,,
45777616-94a2-45a0-81c4-1dbcc82a606b,nawawi,easy,الإحسان هو أن تعبد الله كأنك تراه.,فإن لم تكن تراه فإنه يراك.,,,
48c3d4db-63af-45a8-ad88-362fe1930464,nawawi,easy,"راوي حديث ""إن أحدكم يُجمع خلقه في بطن أمه"" هو:",الإجابة الصحيحة: عبد الله بن مسعود رضي الله عنه,,,
4f445a90-4d61-4e95-a6b7-9dcaf7acb6d6,nawawi,easy,"""البر حسن الخلق والإثم ما حاك في صدرك"" راويه:",الإجابة الصحيحة: النواس بن سمعان,,,
59571e92-ff34-4008-aa2e-a6a0bc4545b4,nawawi,easy,إكرام الجار من الإيمان.,ومن كان يؤمن بالله واليوم الآخر فليكرم جاره.,,,
64108c2e-be22-4a6e-832c-73a5ccb6527d,nawawi,easy,"""لا ضرر ولا ضرار"" يدل على:",الإجابة الصحيحة: منع إلحاق الضرر بالنفس والغير,,,
6ed4bd4d-321c-48b4-b26f-0d6426edfc6d,nawawi,easy,من كان يؤمن بالله واليوم الآخر فليقل...,فليقل خيراً أو ليصمت.,,,
7ca5574a-1866-4575-91d2-abec2ef3166e,nawawi,easy,اتق الله حيثما كنت، وأتبع السيئة...,وأتبع السيئة الحسنة تمحها.,,,
85144bc0-eed2-4866-bbf6-53aaf7d73d38,nawawi,easy,"""الزكاة"" شرعاً:",الإجابة الصحيحة: عبادة مالية مقدرة شرعاً تُصرف لطائفة مخصوصة,,,
8a54e7c1-8768-415c-866b-5605122aea44,nawawi,easy,في حديث ابن مسعود يُجمع خلق الإنسان في بطن أمه:,الإجابة الصحيحة: أربعين يوماً نطفة,,,
9218b66d-d695-4c63-bc4d-2cf6ea1419ee,nawawi,easy,"""الحلال بيّن والحرام بيّن وبينهما أمور مشتبهات"" يحثّ على:",الإجابة الصحيحة: اتقاء الشبهات,,,
9a483832-b4ef-4e89-a30b-b93486aa91b0,nawawi,easy,كل سلامى من الناس عليه صدقة، منها:,الكلمة الطيبة صدقة.,,,
ac4a2acc-6628-446c-a313-81e5405d9f0b,nawawi,easy,الحياء من الإيمان.,الحياء شعبة من الإيمان.,,,
b3ed2d52-6441-4845-ad3d-cc8cfc2a0f9b,nawawi,easy,"""البر حسن الخلق، والإثم ما حاك في"":",الإجابة الصحيحة: نفسك,,,
ba832db3-dd15-4230-976e-0b8522a3d3eb,nawawi,easy,"معنى ""النسيان"" في حديث رفع الحرج:",النسيان في الحديث: ما فعل العبد من عمل ثم نسيه بعد ذلك، فُرِّغ عنه.,,,
bd0f2004-eda9-4993-975c-25d4786e349a,nawawi,easy,لماذا جمع الإمام النووي هذه الأربعين حديثاً؟,كل حديث منها قاعدة عظيمة من قواعد الدين.,,,
c0235d41-f3d5-473d-9afa-8c3718610b4c,nawawi,easy,"""الطهور شطر الإيمان"" يدل على فضل:",الإجابة الصحيحة: الطهارة,,,
c222d45d-12aa-489b-b6d5-8c71d179b249,nawawi,easy,الأعمال لا تقبل إلا بالنية الصالحة.,وإنما لكل امرئ ما نوى.,,,
c657e959-434b-4c9c-b1c7-60206d85138d,nawawi,easy,علاج الغضب أن يقول: أعوذ بالله من الشيطان الرجيم.,إني لأعلم كلمة لو قالها لذهب عنه ما يجد.,,,
ce7a77d3-5b18-4834-9919-5b2e3cbae0b9,nawawi,easy,"""النية"" في حديث الأعمال هي:",الإجابة الصحيحة: العزم على فعل العبادة تقرباً إلى الله وحمله البلق,,,
d559ce7e-cc4a-4c61-88a9-e2331e38c85d,nawawi,easy,"معنى ""الأمَة"" في علامات الساعة ""أن تلد الأمة ربتها"":",«المملوكة» هو المعنى الصحيح المذكور في شرح الكتاب لهذه الكلمة/المصطلح.,,,
da89ed81-0fb5-4f49-a689-880a89271aed,nawawi,easy,ما أول حديث في الأربعين النووية؟,حديث عمر بن الخطاب: إنما الأعمال بالنيات.,,,
e3b8d209-b4b7-45cc-bfb0-78ac6d7ed91b,nawawi,easy,النية محلّها:,الإجابة الصحيحة: القلب,,,
e5367815-958c-4ec4-9138-ed6455725381,nawawi,easy,"""من رأى منكم منكراً فليغيّره بيده"" يدل على وجوب:",الإجابة الصحيحة: إنكار المنكر,,,
ef0c9b86-fc95-4c6c-b10d-ef93a2e46153,nawawi,easy,"""لا يؤمن أحدكم حتى يحب لأخيه ما"":",الإجابة الصحيحة: يحب لنفسه,,,
ff6b7cba-3fad-47e1-a748-5ea7336bc1e5,nawawi,easy,من هو مؤلف الأربعون النووية؟,أبو زكريا محيي الدين يحيى بن شرف النووي رحمه الله.,,,
1d2f9244-a270-4596-812c-054bf2583002,nawawi,hard,دلّ بياض ثياب الرجل وسواد شعره مع عدم أثر السفر في حديث جبريل على:,الإجابة الصحيحة: أنه لا يُعرف من الصحابة وفيه غرابة,,,
25884a17-0a08-4204-9234-297f11011979,nawawi,hard,"""اتق الله حيثما كنت"" وصية تجمع:",الإجابة الصحيحة: حقوق الله وحقوق العباد,,,
2ce74baf-e8dd-4963-9a65-72de04664a3a,nawawi,hard,أوصيكم بتقوى الله والسمع والطاعة...,فعليكم بسنتي وسنة الخلفاء الراشدين.,,,
2f400211-17a1-4c8a-bb79-2ba134c86f91,nawawi,hard,"""الإسلام"" لغةً وشرعاً في حديث ""بُني الإسلام"":",الإجابة الصحيحة: الاستسلام لله بالتوحيد والانقياد له بالطاعة والبراءة من الشرك,,,
41b189f4-a2e6-43a3-ba4f-e27fb4f6627b,nawawi,hard,"""احفظ الله"":",الإجابة الصحيحة: يحفظك,,,
521e7ce5-fff3-455b-ad0d-92d7cd87b029,nawawi,hard,يجب التمسك بسنة الخلفاء الراشدين.,فعليكم بسنتي وسنة الخلفاء الراشدين.,,,
552cf1e6-f6f8-4711-8218-058f0496f7a1,nawawi,hard,عبد الله بن عمر رضي الله عنهما أسلم:,الإجابة الصحيحة: مع أبيه بمكة وهو صغير,,,
62d5943d-857a-43a9-ba34-ec83ef01e96b,nawawi,hard,"""إن الله طيّب لا يقبل إلا"":",الإجابة الصحيحة: طيّباً,,,
6a0f4a4c-721e-4c78-af74-1161be8a77a4,nawawi,hard,الملك يكتب رزق الإنسان وأجله وعمله وشقي أو سعيد.,,,,
74076c42-5f23-4e68-8de6-2864ca262829,nawawi,hard,ما تقرب إلي عبدي بشيء أحب إلي مما...,وما تقرب إلي عبدي بشيء أحب إلي مما افترضته عليه.,,,
7941ff99-3332-4f64-9d79-2d5dc65bca31,nawawi,hard,"""المسلم من سلم المسلمون من لسانه ويده"" يدل على:",الإجابة الصحيحة: كفّ الأذى,,,
8f2e341e-f79d-4e6d-8caf-581ba5c4bd60,nawawi,hard,"""إنما الأعمال بالنيات"" راويه:",الإجابة الصحيحة: عمر بن الخطاب,,,
91478a6f-b47b-45c8-9061-a7ec5c6c5dda,nawawi,hard,"""من عادى لي ولياً فقد آذنته بالحرب"" حديث:",الإجابة الصحيحة: قدسي,,,
a1d8f12b-4697-41c4-8b9a-ee32cacb22f3,nawawi,hard,"""كل بدعة ضلالة"" يدل على ذمّ:",الإجابة الصحيحة: الإحداث في الدين,,,
ade63dbb-5665-4f61-af60-898cb2272d4b,nawawi,hard,"""الحج"" شرعاً:",الإجابة الصحيحة: قصد بيت الله الحرام لأداء نسك مخصوص في وقت مخصوص,,,
b21de284-8a66-491d-8b8c-f73373989d28,nawawi,hard,الطهور شطر الإيمان، والحمد لله...,والحمد لله تملأ الميزان.,,,
b80e224e-80d5-4581-8ff7-cd4ee2809224,nawawi,hard,"""دع ما يريبك إلى ما لا يريبك"" يدعو إلى:",«ترك المشتبه» هي الإجابة المطابقة لِما ورد في النصّ والمعنى المراد.,,,
bd68b69c-ab30-493d-b073-f06026a9ac25,nawawi,hard,"راوي حديث الولاية ""من عادى لي ولياً"" و""رفع الحرج"" هو:",الإجابة الصحيحة: أبو هريرة وابن عباس على الترتيب,,,
c07d02bc-50b6-4351-8058-63e0c96dc0b2,nawawi,hard,"معنى ""الخطأ"" في حديث رفع الحرج:",الخطأ في الحديث: ما فعل العبد من عمل وهو يخطئ فيه أو يقع فيه خطأ دون قصد.,,,
cb18a215-07dd-4621-ab08-773096785520,nawawi,hard,في الحديث القدسي: يا عبادي إني حرمت الظلم على نفسي...,إني حرمت الظلم على نفسي وجعلته بينكم محرماً.,,,
cb21e26c-43d2-403f-b059-750a049578b0,nawawi,hard,"""من حسن إسلام المرء تركه ما لا يعنيه"" يحثّ على:",الإجابة الصحيحة: ترك الفضول,,,
d3fa8f26-757b-4a00-8449-35e81a4014d1,nawawi,hard,"لُقّب عمر بن الخطاب بـ ""الفاروق"" لأنه:",الإجابة الصحيحة: كان يفرّق بين الحق والباطل,,,
d5c817ea-0ac3-48fe-881c-97acf14b7e98,nawawi,hard,"أركان الإسلام في حديث ""بُني الإسلام على خمس"" أولها:",«شهادة أن لا إله إلا الله» هو ما ثبت في لفظ الحديث/الأثر كما أورده الكتاب.,,,
d8425a0c-a97f-41a0-a601-876587f77f94,nawawi,hard,الله يغفر الذنوب جميعاً ولا يبالي.,وأنا أغفر الذنوب جميعاً.,,,
e2c00759-6852-4347-bbb3-a500cf186470,nawawi,hard,أركان الإيمان الستة منها:,الإجابة الصحيحة: الإيمان بالملائكة,,,
e40007c9-1ee6-4bd0-a75c-344b8259d2c9,nawawi,hard,البينة على...,البينة على المدعي، واليمين على من أنكر.,,,
ff19a316-58a1-4278-bee4-b6f49b4fc435,nawawi,hard,الصلاة نور.,حديث أبي مالك الأشعري.,,,
09032ae8-9842-4ee8-8e78-024caefe413d,nawawi,medium,"""الدين النصيحة""، قلنا لمن؟ قال: لله ولكتابه ولرسوله و:",الإجابة الصحيحة: أئمة المسلمين وعامتهم,,,
10a36d97-16ad-43f5-a9d1-414da3860480,nawawi,medium,من هم بسيئة فعملها كتبت سيئة واحدة.,فإن عملها كتبها الله سيئة واحدة.,,,
14691ce7-a4a6-4aae-b4c1-084fe8dd206c,nawawi,medium,إن الله كتب الإحسان على كل شيء، حتى في...,فإذا قتلتم فأحسنوا القتلة، وإذا ذبحتم فأحسنوا الذبحة.,,,
17a9173a-a0cd-47f0-96ba-06757d656b84,nawawi,medium,"معنى ""العالة"" في حديث جبريل:",«الفقراء» هو المعنى الصحيح المذكور في شرح الكتاب لهذه الكلمة/المصطلح.,,,
1b0341c0-5655-4f88-abde-09ae69cb7fcd,nawawi,medium,من هاجر إلى الله ورسوله فهجرته...,فهجرته إلى الله ورسوله.,,,
26f3d3b0-1e3a-4f81-9cf4-aa945f8f0d04,nawawi,medium,إن الله فرض فرائض فلا...,,,,
2fb147f0-257e-4f48-9580-233929f4af22,nawawi,medium,الإحسان مرتبة:,الإجابة الصحيحة: أعلى مراتب الدين,,,
40459252-7195-453e-8b26-71fd6756bda5,nawawi,medium,النصيحة لله تكون بالدعوة إلى الإيمان به وتنزيهه عن الشرك.,النصيحة لله هي التعظيم لأمره والشفقة على خلقه.,,,
40c35b74-2576-4bb5-a509-ae206f55c610,nawawi,medium,كان ابن عمر يقول: إذا أمسيت فلا تنتظر...,إذا أمسيت فلا تنتظر الصباح.,,,
4505d711-ae74-4891-99f9-4bfb3f1a4eec,nawawi,medium,إن الله تجاوز عن أمتي الخطأ والنسيان وما استكرهوا عليه.,,,,
47e120ad-2c58-4fd8-9cb5-e018878a0f98,nawawi,medium,نهى النبي ﷺ عن كثرة السؤال بغير حاجة.,إن الله كره لكم قيل وقال وكثرة السؤال.,,,
4c184ccc-c242-4821-a7e8-f97681fdb7e5,nawawi,medium,أحبّ ما يتقرب به العبد إلى الله بحسب حديث الولاية هو:,الإجابة الصحيحة: أداء الفرائض,,,
4e0c618e-520b-4511-9a67-5b9f328aa7c3,nawawi,medium,"طلب العلم في حديث ""من سلك طريقاً يلتمس فيه علماً"":",الإجابة الصحيحة: يسهّل الله له طريقاً إلى الجنة,,,
50870bd5-2d04-413e-a3e5-a91569c7eccb,nawawi,medium,في بضع أحدكم صدقة.,قالوا: أيأتي أحدنا شهوته ويكون له فيها أجر؟ قال: نعم.,,,
517ed86f-3bc1-49e1-b33e-28d5ca1f4d04,nawawi,medium,من وقع في الشبهات وقع في الحرام.,,,,
54c16810-a520-4ec8-961e-270bff6c1839,nawawi,medium,أكل الحرام يمنع إجابة الدعاء.,ثم ذكر الرجل يطيل السفر... ومطعمه حرام... فأنى يستجاب لذلك.,,,
5d714abc-747b-4e95-8ab4-e31e6f985a3d,nawawi,medium,البر هو...,,,,
61f1587c-b9b3-4a1b-8afa-7dab10118420,nawawi,medium,ينبغي للمسلم أن يعيش في الدنيا كالمقيم الدائم.,بل كغريب أو عابر سبيل.,,,
631bd955-d052-4292-8366-5a3aac08e7a6,nawawi,medium,إنكار المنكر بالقلب أضعف الإيمان.,وذلك أضعف الإيمان.,,,
6b5e357b-2337-4685-ae2c-804d957878ea,nawawi,medium,البدعة تنقسم إلى حسنة وسيئة.,,,,
6bd77adb-557f-48e9-8ab3-e3e32b27cded,nawawi,medium,"حديث ""ازهد في الدنيا يحبك الله"" يدعو إلى:",الإجابة الصحيحة: الزهد,,,
6d80017a-77d3-4857-99b8-3a193479a911,nawawi,medium,الدين النصيحة. لمن؟,قلنا: لمن؟ قال: لله ولكتابه ولرسوله ولأئمة المسلمين وعامتهم.,,,
6e3a3e38-6070-4352-8eb3-1a5848052bf3,nawawi,medium,الزكاة هي:,الزكاة: المال الواجب لمستحقه.,,,
727c0b70-4282-4e8e-9d5a-184312a33c5a,nawawi,medium,النية محلها القلب ولا يشترط التلفظ بها.,النية محلها القلب.,,,
773408fc-974c-4281-8dbf-ef171bad0874,nawawi,medium,"معنى ""طلع علينا"" في حديث جبريل:",«خرج علينا» هو المعنى الصحيح المذكور في شرح الكتاب لهذه الكلمة/المصطلح.,,,
7adf11c1-2f42-412c-87e8-7adbe489d73b,nawawi,medium,في حديث جبريل: ما الإسلام؟,الإسلام: الشهادة، إقام الصلاة، إيتاء الزكاة، صوم رمضان، حج البيت.,,,
7bdfccd0-03b8-4002-a193-faea65aa043d,nawawi,medium,الإثم ما حاك في الصدر وكرهت أن يطلع عليه الناس.,,,,
7bf71509-12cb-415e-9974-2ea1b237c14a,nawawi,medium,الغضب جمرة يلقيها الشيطان، ويطفأ بـ:,الغضب جمرة يلقيها الشيطان.,,,
80f09a36-8bae-49ea-a0c9-2df64983e710,nawawi,medium,ابن مسعود رضي الله عنه كان من السابقين إلى الإسلام وهاجر إلى:,الإجابة الصحيحة: الحبشة ثم المدينة,,,
850c6a73-1256-4c7a-998a-a20d527e9d5c,nawawi,medium,من هم بحسنة فلم يعملها...,كتبها الله عنده حسنة كاملة.,,,
869d0b38-9f04-4f43-a1ae-60b340d5c6a3,nawawi,medium,حكم العمل الذي ليس عليه أمر الشرع:,من عمل عملاً ليس عليه أمرنا فهو رد.,,,
8b903aae-b88a-48a8-a498-cecfc51f8a03,nawawi,medium,قل آمنت بالله ثم...,قل آمنت بالله ثم استقم.,,,
9cce0d7b-db39-4846-bbdd-4ec5fe7edce2,nawawi,medium,سيدنا جبريل جاء في صورة رجل شديد بياض الثياب.,إذ طلع علينا رجل شديد بياض الثياب.,,,
9d2783c1-7db9-476c-a49a-bb3861b1d4e7,nawawi,medium,حديث جبريل بيّن مراتب الدين الثلاث:,الإجابة الصحيحة: الإسلام والإيمان والإحسان,,,
9ef7f53c-a9c8-4f0e-9057-fe16b630df14,nawawi,medium,"راوي حديث ""بُني الإسلام على خمس"" هو:",الإجابة الصحيحة: عبد الله بن عمر رضي الله عنهما,,,
9fe79480-583d-4338-928a-f375d51a476d,nawawi,medium,ما مثل الحلال والحرام والمشتبهات؟,كَالرَّاعِي يَرْعَى حَوْلَ الْحِمَى.,,,
a45c0c04-0e89-42f3-a392-f2606b766bf4,nawawi,medium,أكثر ما يدخل الناس النار هو حصائد ألسنتهم.,وهل يكب الناس على وجوههم في النار إلا حصائد ألسنتهم.,,,
a477d2a7-43df-4ac6-81dc-904fb797afed,nawawi,medium,الكلمات الأربع التي يُؤمر بها الملك تشمل:,الإجابة الصحيحة: العمل والأجل والرزق والشقاوة أو السعادة,,,
a764c694-122a-49ff-a7df-ad2bfccc45aa,nawawi,medium,"""الدين النصيحة"" قالها النبي ﷺ، والنصيحة لـ:",الإجابة الصحيحة: الله وكتابه ورسوله وأئمة المسلمين وعامتهم,,,
a7e49c99-e7ae-499a-815b-c9d0ee849621,nawawi,medium,صدق النبي ﷺ في حديث ابن مسعود وُصف بأنه:,الإجابة الصحيحة: الصادق المصدوق,,,
af629576-73ef-4737-bf82-d57df3153728,nawawi,medium,من صلى الصلوات الخمس وصام رمضان وأحل الحلال وحرم الحرام دخل الجنة.,قال النبي ﷺ: نعم.,,,
b5ff7eaf-2065-47f3-8037-b81eadc02288,nawawi,medium,لماذا لا يستجاب دعاء آكل الحرام؟,إن الله طيب لا يقبل إلا طيباً.,,,
bca53c44-9668-4fdd-a671-cbe8dbe507bf,nawawi,medium,من علامات الساعة في حديث جبريل:,أن تلد الأمة ربتها، وأن ترى الحفاة العراة يتطاولون في البنيان.,,,
c0cbca1e-37ae-41a7-b752-4062ec19577d,nawawi,medium,لا يحل دم امرئ مسلم إلا بإحدى ثلاث:,الثيب الزاني، والنفس بالنفس، والتارك لدينه.,,,
d0dd6b80-e1b2-427e-b748-f0fa8c6f54b7,nawawi,medium,"""الصوم"" شرعاً:",الإجابة الصحيحة: الإمساك عن الأكل والشرب والمفطرات من الفجر إلى الغروب تعبداً,,,
e018b81d-894b-47fd-9cef-4a9e6b5aef98,nawawi,medium,الأعذار الثلاثة التي رُفع بها الإثم في حديث ابن عباس هي:,الإجابة الصحيحة: الخطأ والنسيان والإكراه,,,
e62798c1-f97f-4ca7-926e-f3ab931b6b80,nawawi,medium,كم يوماً يجمع خلق الإنسان في بطن أمه قبل نفخ الروح؟,يجمع خلقه أربعين يوماً نطفة...,,,
e993741b-058c-44ef-932a-e438bbf48942,nawawi,medium,أمر النبي ﷺ أن يقاتل الناس حتى...,أمرت أن أقاتل الناس حتى يشهدوا أن لا إله إلا الله.,,,
ea0b0624-8cb1-4ff7-9403-bb2539696ef4,nawawi,medium,أركان الإيمان في حديث جبريل:,أن تؤمن بالله وملائكته وكتبه ورسله واليوم الآخر والقدر خيره وشره.,,,
f469d4e4-8926-4773-b925-6a920c4f84b1,nawawi,medium,يحرم على المسلم دم أخيه وماله وعرضه.,كل المسلم على المسلم حرام.,,,
f6687348-8da8-4773-bc22-ca1b1bfecd9d,nawawi,medium,ما الذي أهلك الأمم السابقة؟,إنما هلك من كان قبلكم بكثرة سؤالهم واختلافهم.,,,
f8d60aef-bdde-4120-a733-9bc08f6f5460,nawawi,medium,الإحسان في حديث جبريل أن تعبد الله:,الإجابة الصحيحة: كأنك تراه فإن لم تكن تراه فإنه يراك,,,
ff106f06-ba52-4b39-84c5-dd7e7e5918fa,nawawi,medium,"راوي حديث ""إنما الأعمال بالنيات"" هو:",الإجابة الصحيحة: عمر بن الخطاب رضي الله عنه,,,
06457497-1ae6-4bec-8658-6013bb90d3d9,tawheed,easy,ما الذي لا يُغفر عند الله بدون توبة؟,قال تعالى: (إن الله لا يغفر أن يشرك به ويغفر ما دون ذلك لمن يشاء).,,,
07483021-8f6a-44c8-9f32-1040d095f0c5,tawheed,easy,حق الله على العباد هو عبادته وعدم الشرك به.,هذا ما جاء في حديث معاذ بن جبل.,,,
078a75a8-4a74-46c0-b7eb-1fbadb6a5181,tawheed,easy,الفأل الذي أعجب النبي ﷺ هو:,الإجابة الصحيحة: الكلمة الطيبة,,,
0a0f2c01-802a-404e-bf51-2bd22c0ea528,tawheed,easy,التبرك بالأشجار والأحجار تشبّه بأهل:,الإجابة الصحيحة: الجاهلية واليهود والنصارى,,,
0b46550c-74b0-42d0-b785-4a65b058449b,tawheed,easy,"""من حلف بالله"" — فعليه أن:",الإجابة الصحيحة: يصدُق,,,
0b77a42e-8a0b-4d9a-9712-b84fb90d2ee9,tawheed,easy,ابن القيم قسّم النُّشرة إلى:,الإجابة الصحيحة: نوعين,,,
0d472dec-d080-4755-af10-c9160943130d,tawheed,easy,الصدقة تُؤخذ من أغنيائهم وتُردّ على:,الإجابة الصحيحة: فقرائهم,,,
0e1997b6-0e1b-464a-8141-775d3bcad456,tawheed,easy,"قال ابن مسعود: ""إن الرُّقى والتمائم والتِّوَلة"":",الإجابة الصحيحة: شرك,,,
0f1efff9-1444-4eb2-a109-250d262cb098,tawheed,easy,ما الحكم في قوله: (ومن الناس من يتخذ من دون الله أنداداً يحبونهم كحب الله)؟,محبة غير الله محبةً كحب الله أو أشد شرك أكبر.,,,
1886ee24-c0e2-4b80-b0e3-6f8776127fea,tawheed,easy,من أتى كاهناً (دون تصديق) لم تُقبل له صلاة:,الإجابة الصحيحة: أربعين يوماً,,,
1acbe9c3-b9cb-4bbf-8ff1-dc8006de7f8b,tawheed,easy,"""إن الله هو الحَكَم وإليه"":",الإجابة الصحيحة: الحُكم,,,
1c540d83-e6cf-4e0a-ac72-1b7c13394296,tawheed,easy,"""أمّن يجيب المضطر إذا دعاه ويكشف السوء"" دليل على أن الاستغاثة لا تكون إلا بـ:",الإجابة الصحيحة: الله,,,
1cb55316-5773-4fd4-9cbc-ed8a3ad77fcf,tawheed,easy,ما حكم التبرك بالأشجار والأحجار معتقداً فيها البركة؟,التبرك بالأشجار والأحجار بنية جلب النفع أو دفع الضر شرك.,,,
1d4f7bba-2704-4790-9c3e-9bb9080d6705,tawheed,easy,"""ذات أنواط"" كانت:",الإجابة الصحيحة: شجرة يعكف عندها المشركون,,,
1d82c030-e242-4004-a775-baa2cc4a3275,tawheed,easy,التبرك المذموم هو طلب البركة من الأشجار والأحجار مع:,الإجابة الصحيحة: اعتقاد نفعها,,,
268a7a48-2f77-4dbb-b2e9-e1a292049b85,tawheed,easy,الذبح لغير الله شرك أكبر لأنه:,الإجابة الصحيحة: عبادة صُرفت لغير الله,,,
2c6dd0dd-cec0-4697-abd4-5dd1d027050e,tawheed,easy,"""أنا الدهر أقلّب الليل و"":",الإجابة الصحيحة: النهار,,,
2e2b218a-f71d-4895-b2b9-395db4e4b483,tawheed,easy,في قصة الذباب: دخل النار رجل قرّب للصنم:,الإجابة الصحيحة: ذباباً,,,
389f46a3-ec1f-4cbd-84ce-1ff39b9ce68a,tawheed,easy,التحليل والتحريم حقّ خالص لـ:,الإجابة الصحيحة: الله تعالى,,,
397166c4-f1e3-44cf-b232-90e463b0966f,tawheed,easy,الطيرة من الشرك لأنها تعلّق القلب على غير الله وتنافي:,الإجابة الصحيحة: التوكل,,,
397fd3d5-ba59-417c-8529-109e49f1cc9b,tawheed,easy,إثبات ما أثبته الله لنفسه من الأسماء والصفات هو توحيد:,الإجابة الصحيحة: الأسماء والصفات,,,
3bb4ad20-8e8e-4368-ad0f-c1edbad6d812,tawheed,easy,"""من أتى كاهناً فصدّقه بما يقول فقد كفر بما أُنزل على"":",الإجابة الصحيحة: محمد ﷺ,,,
3dab6f57-2460-41c7-b8f3-7067eff967b3,tawheed,easy,الاستعانة الشركية هي:,الاستعانة بغير الله فيما لا يقدر عليه إلا الله شرك أكبر.,,,
40fd1b0a-b12e-4b92-9958-5241f6df5912,tawheed,easy,ما هو الطاغوت؟,الطاغوت: مشتق من الطغيان، فكل ما عُبد من دون الله وهو راضٍ بالعبادة فهو طاغوت.,,,
44df21e0-af98-480d-8a15-e3cf473e3412,tawheed,easy,الذنب الذي لا يغفره الله لمن مات عليه ولم يتب هو:,الإجابة الصحيحة: الشرك,,,
470daefd-fc6e-4d27-a694-c317203117f4,tawheed,easy,التمائم: شيء يُعلّق على الأولاد لـ:,الإجابة الصحيحة: اتقاء العين,,,
52a6cb8b-93bc-4039-8483-8fce828e057e,tawheed,easy,التشريع (التحليل والتحريم) من خصائص:,الإجابة الصحيحة: الرب,,,
535f5711-195b-4edd-aa2b-c64b651895f0,tawheed,easy,التوحيد يكفر الذنوب جميعاً بدون توبة.,الشرك لا يغفر إلا بالتوبة.,,,
5368f73b-1420-40fe-a885-0d983324b673,tawheed,easy,ما شرطا قبول العمل الصالح؟,شرطا القبول: الإخلاص لله والمتابعة للنبي ﷺ.,,,
569c4258-9c97-4b96-accf-2342b35f0ad2,tawheed,easy,ادّعاء معرفة الحوادث المستقبلة بالنجوم (التأثير) نوع من:,الإجابة الصحيحة: السحر والشرك,,,
56eeda27-e68f-45c4-815f-06506c20eccd,tawheed,easy,الواجب عند المصائب: الإيمان بـ:,الإجابة الصحيحة: القضاء والقدر,,,
57e222ad-b48e-442c-8f88-6a512c0a54da,tawheed,easy,ما شرط قبول شهادة أن لا إله إلا الله؟,لا بد من سبعة شروط: العلم، اليقين، القبول، الانقياد، الصدق، الإخلاص، المحبة.,,,
57e3e5a5-e525-40dd-a05d-91eec9f3d418,tawheed,easy,"في رواية ثانية: ""لا تسبّوا الدهر فإن الله"":",الإجابة الصحيحة: هو الدهر,,,
5aeee9f3-c1a0-44e9-a85e-f26691ac1502,tawheed,easy,خلق الله الجن والإنس للتجارة والبناء.,بل خلقهم لعبادته.,,,
600b3831-6283-443b-9cde-d733cd3486bf,tawheed,easy,الرقى المنهي عنها هي التي تسمى:,الإجابة الصحيحة: العزائم,,,
6236cc16-0c57-47a5-8555-94c1103562e7,tawheed,easy,"قوله تعالى ""وما خلقت الجن والإنس إلا ليعبدون"" دليل على:",الإجابة الصحيحة: وجوب إفراد الله بالعبادة,,,
67831742-cfc3-4c12-a11c-4be748e40bda,tawheed,easy,ما أعظم الذنوب عند الله؟,الشرك بالله هو أعظم الذنوب، لأنه لا يغفر إلا بالتوبة.,,,
67b85d01-c002-4225-bef9-882e4abfd561,tawheed,easy,سبّ الدهر يقع في الغالب عند نزول:,الإجابة الصحيحة: المصائب,,,
683878a9-ad19-4e8f-bbc3-09fa94dc1906,tawheed,easy,في حديث طارق بن شهاب: دخل رجل النار في:,الإجابة الصحيحة: ذُباب,,,
6c01d773-8f39-4c77-9ff9-407cbab2a2c4,tawheed,easy,الفزع الذي يصيب السماوات عند تكلّم الله دليل على:,الإجابة الصحيحة: تعظيم الملائكة لكلامه,,,
6dd51713-54ec-4a0f-a684-c7210227c9fd,tawheed,easy,"""أمّة"" في وصف إبراهيم معناها:",الإجابة الصحيحة: قدوة وإماماً للخير,,,
6dea92e9-ae29-4fda-bbf1-55f3b0f2ac90,tawheed,easy,لماذا خلق الله الجن والإنس؟,قال الله تعالى: (وما خلقت الجن والإنس إلا ليعبدون) - الذاريات:56.,,,
701bdc34-a025-4d74-ae73-ddc5044695b7,tawheed,easy,من هو مؤلف كتاب التوحيد؟,ألّف كتاب التوحيد الشيخ محمد بن عبد الوهاب التميمي.,,,
729f3134-a4e8-491b-bbbc-2b393ea01941,tawheed,easy,"جعل مشيئة العبد كمشيئة الله بـ""الواو"" هو من:",الإجابة الصحيحة: اتخاذ الأنداد لله,,,
73f3bce1-f1ce-48ec-9b44-8a9b02acaaa8,tawheed,easy,الذبح لغير الله تقرّباً إليه:,الإجابة الصحيحة: شرك أكبر,,,
74fcdf06-6ccd-451a-a967-754dbc37cd78,tawheed,easy,ماذا طلب إبراهيم عليه السلام من ربه؟,إبراهيم عليه السلام خاف على نفسه وبنيه من عبادة الأصنام.,,,
7622c398-510e-464f-86ee-0c79abdb4c64,tawheed,easy,ما الذي يكفّر الذنوب وفقاً للحديث: (من لقي الله لا يشرك به شيئاً دخل الجنة)؟,التوحيد يكفر الذنوب، فمن مات على التوحيد غير مشرك بالله شيئاً دخل الجنة.,,,
775d326d-e043-44ab-ac0f-e661e8275933,tawheed,easy,الرقى التي رُخّص فيها هي ما خلا من:,الإجابة الصحيحة: الشرك,,,
7ad81c95-1bfb-4e62-998b-dfcfe1a8de6c,tawheed,easy,سبّ الدهر يتضمن الشرك إذا اعتقد السابّ أن الدهر:,الإجابة الصحيحة: فاعل مع الله,,,
7b78ac3b-81f5-4337-b0b1-465be18514d2,tawheed,easy,ما الحكمة من خلق الجن والإنس؟,الحكم الصحيح هو «عبادة الله وحده»، كما قرّره النصّ الشرعيّ في الباب.,,,
7bbf72dc-8805-4aa3-bfdd-2eb08cf26244,tawheed,easy,في حديث الذباب: دخل النار رجل قرّب للصنم:,الإجابة الصحيحة: ذباباً,,,
7be4404c-a2ed-4095-b440-c88f49d56a10,tawheed,easy,الخوف الذي يُصرف لله وحده هو:,الخوف الطبيعي جائز، أما الخوف التعبدي الذي يُصرف لغير الله فهو شرك.,,,
7f2cefd0-9df7-4d35-9671-b7bc7c48071a,tawheed,easy,اعتذر المنافقون بأنهم كانوا:,الإجابة الصحيحة: يخوضون ويلعبون,,,
81287c88-b793-4ccc-90e9-e225878487b1,tawheed,easy,ما تعريف الشرك الأكبر؟,الشرك الأكبر: أن يجعل لله نِداً في شيء من خصائصه.,,,
8230d37a-f5c5-4dea-b8d2-ee499eec99e6,tawheed,easy,ما هو التوحيد؟,التوحيد: إفراد الله بالعبادة وترك عبادة ما سواه.,,,
832307a1-d73a-4b64-a46c-fba387fcaa9f,tawheed,easy,"""الرهبان"" هم عُبّاد:",الإجابة الصحيحة: النصارى,,,
842d508b-7933-4888-8f83-2e1d5314b0a6,tawheed,easy,النهي عن الحلف بالآباء لأنه نوع من:,الإجابة الصحيحة: الشرك,,,
8a3feed1-0e87-415f-aa2d-fa03bdcd6d64,tawheed,easy,الحلف بغير الله من الشرك لأنه يتضمن تعظيم غير الله الذي هو:,الإجابة الصحيحة: حق لله وحده,,,
8b297e0f-e7cf-49e8-8479-3bbaaacce8e6,tawheed,easy,الرجل الذي قرّب الذباب فعل ذلك ليُجيزه القوم عند:,الإجابة الصحيحة: صنمهم,,,
8b90c623-9d83-4b86-ae85-46e901a301ec,tawheed,easy,ما حكم النذر لغير الله؟,النذر عبادة لا تصرف إلا لله، والنذر لغير الله كالأضرحة شرك.,,,
8d25d864-1e34-416c-8d28-78df561a8036,tawheed,easy,الذي قرّب ذُباباً للصنم — مصيره:,الإجابة الصحيحة: دخل النار,,,
8dfe074e-b6b1-4f71-9144-f083932931e3,tawheed,easy,"في الحديث القدسي: ""يؤذيني ابن آدم يسبّ الدهر، وأنا"":",الإجابة الصحيحة: الدهر,,,
92a8d4e6-cd55-424e-9a9f-17bdd31b861b,tawheed,easy,الاستسقاء بالأنواء هو نسبة نزول المطر إلى:,الإجابة الصحيحة: النجوم,,,
98e27a6b-d241-4d3c-a1a6-bab114689db0,tawheed,easy,من هو رأس الطواغيت؟,إبليس هو رأس الطواغيت، لأنه أول من دعا إلى عبادة غير الله.,,,
9b3efbda-dc23-4346-ab0f-7a1ca325e9b1,tawheed,easy,"""الثقلان"" المذكوران في الخلق هما:",الإجابة الصحيحة: الجن والإنس,,,
9b8bd8b1-9714-4bb7-a052-ed729cf18151,tawheed,easy,الشرك الأصغر يحبط جميع الأعمال.,الشرك الأصغر يحبط العمل الذي قارنه فقط.,,,
9c641ce1-8cb7-44c9-a944-d99e884599ac,tawheed,easy,قتادة قال: خلق الله النجوم لثلاث: زينة للسماء، ورجوماً للشياطين، و:,الإجابة الصحيحة: علامات يُهتدى بها,,,
9c91ebc5-17d3-4598-90dd-2edfe8b65bcc,tawheed,easy,"""الذين آمنوا ولم يلبسوا إيمانهم بظلم""، المراد بالظلم هنا:",الإجابة الصحيحة: الشرك,,,
9cef0c6b-44d8-4321-87a7-d842300aff48,tawheed,easy,سعيد بن جبير قال: من قطع تميمة من إنسان كان كـ:,الإجابة الصحيحة: عِدل رقبة (عتق رقبة),,,
9dd0582b-b66a-4487-8a03-ea821db1b561,tawheed,easy,"قال الله تعالى: ""يؤذيني ابن آدم، يسبّ"":",الإجابة الصحيحة: الدهر,,,
9ddbdcdd-acb3-4c38-b221-0ebeebf127db,tawheed,easy,في حديث علي: لُعن من ذبح لغير الله، ومن لعن والديه، ومن آوى محدثاً، ومن غيّر:,الإجابة الصحيحة: منار الأرض,,,
9f3bbbd5-594a-4376-ab40-ac64c3829903,tawheed,easy,أعظم الذنوب على الإطلاق هو:,الإجابة الصحيحة: الشرك,,,
a2152d4b-3f43-4210-8576-353db749226d,tawheed,easy,الذين يُدعَون من دون الله لا يملكون كشف الضر عنكم ولا:,الإجابة الصحيحة: تحويلاً,,,
a2344ce1-f0ec-4547-94b7-8203bd2408bc,tawheed,easy,من مات يدعو من دون الله نِدّاً فمصيره:,الإجابة الصحيحة: النار,,,
a4ce9eba-43fb-4cbf-9b26-14aec24e7791,tawheed,easy,"قول ""ما شاء الله وشئت"" محرّم لأن فيه العطف بـ:",الإجابة الصحيحة: الواو,,,
a7faea3f-49ca-4b22-b3f9-785d6b672335,tawheed,easy,"قول العباس ""نفى الله عما سواه كل ما يتعلق به المشركون"" يبيّن أن الشفاعة:",الإجابة الصحيحة: لله وحده,,,
b1af67c1-99df-4da0-aae5-2b6c4a78cd05,tawheed,easy,"من قال ""مُطرنا بفضل الله ورحمته"" فهو:",الإجابة الصحيحة: مؤمن بالله كافر بالكوكب,,,
b42b1df1-5c07-40cf-b230-90e3f2a28e68,tawheed,easy,"""حتى إذا فُزّع عن قلوبهم"" أي أُزيل عن الملائكة:",الإجابة الصحيحة: الفزع والخوف عند سماع الوحي,,,
b6245281-88aa-4c5f-8a82-8a4a90383d3e,tawheed,easy,"ومنها: ""لعن الله من آوى"":",الإجابة الصحيحة: مُحدِثاً,,,
bb10720c-0e4f-4230-9d4c-09de755c3f25,tawheed,easy,"قول الصحابة ""اجعل لنا ذات أنواط"" شبّهه النبي ﷺ بقول بني إسرائيل:",الإجابة الصحيحة: اجعل لنا إلهاً كما لهم آلهة,,,
bc3195b9-eb79-48dd-b8d5-7f09bf65bc3c,tawheed,easy,"حذيفة لمّا رأى في يد رجل خيطاً من الحمى قطعه وتلا: ""وما يؤمن أكثرهم بالله إلا وهم"":",الإجابة الصحيحة: مشركون,,,
bcae53c4-68fc-4697-8ec3-cb683b8bc363,tawheed,easy,سبب النهي عن سبّ الدهر أن سابّه قد يقصد:,الإجابة الصحيحة: مدبّر الأمور وهو الله,,,
c1684b76-ed06-4e79-b476-a5236217a3c6,tawheed,easy,أرسل النبي ﷺ رسولاً في بعض أسفاره ألّا يبقى في رقبة بعير قلادة من وتر إلا:,الإجابة الصحيحة: قُطعت,,,
c326df42-7dd5-45e1-b22e-a9d620f4f136,tawheed,easy,"""الطيرة شرك، الطيرة شرك، وما منا إلا…"" والذي يذهبها هو:",الإجابة الصحيحة: التوكل على الله,,,
c4723bbb-7b5e-4367-a261-897ac2764355,tawheed,easy,ما حكم تعلم السحر؟,تعلم السحر كفر، لأنه يستعان فيه بالشياطين.,,,
c5249eee-758d-4e2e-8f28-b0f9306100cc,tawheed,easy,قال النبي ﷺ: الدعاء هو العبادة. ماذا يعني ذلك؟,الدعاء عبادة عظيمة، فلا يجوز صرفها لغير الله.,,,
c68cab87-c801-4d1f-bd2f-869373b36903,tawheed,easy,ما حكم الرقية بالقرآن والأدعية الصحيحة؟,الرقية الشرعية جائزة، وقد كان النبي ﷺ يرقي ويُرقى.,,,
c8762ee3-e24d-4cf7-a3de-49d30a412e53,tawheed,easy,ما معنى (لا إله إلا الله)؟,معنى لا إله إلا الله: لا معبود بحق إلا الله وحده.,,,
cabe3338-0c2a-4919-8fda-3ff1f5683271,tawheed,easy,ما معنى الجن في قوله: (وما خلقت الجن والإنس إلا ليعبدون)؟,الجن: عالم عظيم مكلفون مثل الإنس، لكننا لا نراهم.,,,
cd227066-93f7-42f7-aead-2ac78970fef6,tawheed,easy,معنى لا إله إلا الله: لا خالق إلا الله.,بل معناها: لا معبود بحق إلا الله.,,,
ce9815eb-4c30-4d25-83b1-9bc8daf87147,tawheed,easy,"بيّن النبي ﷺ أن عبادتهم كانت في أنهم: ""يُحرّمون ما أحلّ الله"" و""يُحلّون ما"":",الإجابة الصحيحة: حرّم الله,,,
cf8afd35-6bf5-4c83-927e-dfd142b2c05b,tawheed,easy,ما أول ما يُدعى إليه الناس في الإسلام؟,لما بعث النبي ﷺ معاذاً إلى اليمن قال: فليكن أول ما تدعوهم إليه شهادة أن لا إله إلا الله.,,,
d1e635d0-58cb-4382-a1e6-8a19f19160ce,tawheed,easy,قال المنافق: ما رأينا مثل قرّائنا أرغب بطوناً ولا أكذب:,الإجابة الصحيحة: ألسناً,,,
d3ef73b7-d767-4445-a6d7-c1f92032be45,tawheed,easy,الحلف بغير الله مثل (وحياة أبي) حكمه:,الحلف بغير الله شرك أصغر، وقد قال النبي ﷺ: من حلف بغير الله فقد أشرك.,,,
da419f24-e82d-4e63-800d-0bde0f05c9d2,tawheed,easy,ما أول واجب على المكلف؟,أول واجب على المكلف: التوحيد.,,,
dde748f3-944f-48dd-9cfa-9eacb9d794b9,tawheed,easy,"العطف بـ""الواو"" في ""ما شاء الله وشئت"" يقتضي:",الإجابة الصحيحة: التسوية والمشاركة,,,
e069ac98-4775-48e3-be48-d8928457a9fc,tawheed,easy,ما حق العباد على الله إذا حققوا التوحيد؟,الإجابة الصحيحة: ألا يعذّبهم,,,
e38041fa-f089-49f2-bb06-fad0e2509d20,tawheed,easy,"""من كان حالفاً فليحلف بالله أو"":",الإجابة الصحيحة: ليصمت,,,
e7e685cc-fe28-402f-9b70-e73d13323972,tawheed,easy,"الذي سبق عكاشة إلى دعوة ""اجعلني منهم"":",الإجابة الصحيحة: عكاشة بن محصن,,,
ef244f51-55d8-4cee-971b-0b0a39a1fa7a,tawheed,easy,ثم الزكاة تُؤخذ من أغنيائهم فتُرَدّ على:,الإجابة الصحيحة: فقرائهم,,,
f003aeaa-645e-497f-a9e8-7d2baaa12541,tawheed,easy,سبب الخوف على النفس من الشرك أنه:,الإجابة الصحيحة: خفيّ قد يقع فيه المرء,,,
f26ff221-483b-4771-945e-c1531d473434,tawheed,easy,الطعن في النسب والنياحة على الميت من أمر:,الإجابة الصحيحة: الجاهلية,,,
fa7be18f-983b-4d45-bdcb-3f5a953e66e2,tawheed,easy,ما حكم تعليق التمائم إذا اعتقد صاحبها أنها تنفع وتضر بذاتها؟,اعتقاد أن التميمة تنفع أو تضر بذاتها شرك أكبر.,,,
fb60de2f-fc44-4993-b203-9de82afc6249,tawheed,easy,"قال له النبي ﷺ: ""انزعها فإنها لا تزيدك إلا"":",الإجابة الصحيحة: وهناً,,,
fcbcf713-b692-4fbf-a3e4-097b3dcb5320,tawheed,easy,ما حكم الذبح لغير الله (كالأضرحة أو الجن)؟,الذبح عبادة لا تصرف إلا لله، وصرفها لغير الله شرك أكبر.,,,
ffc70d6e-554d-47e2-8984-a85f4a5ae1ac,tawheed,easy,من فضائل التوحيد أنه:,الإجابة الصحيحة: يكفّر الذنوب وينجّي من النار,,,
00fb1757-a23c-46e3-a4dc-825537d500c3,tawheed,hard,"""لعن الله من ذبح لغير الله"" — رواه عن النبي ﷺ:",الإجابة الصحيحة: علي بن أبي طالب,,,
01411f75-cd2c-4953-8a1f-2ef0f319ca43,tawheed,hard,في حديث رويفع: من عقد لحيته أو تقلّد وتراً فإن محمداً ﷺ منه:,الإجابة الصحيحة: بريء,,,
02f967d7-3d39-4e8b-94af-6ac26e2825fe,tawheed,hard,رُخّص من الرقى ما خلا من:,الإجابة الصحيحة: الشرك,,,
0540c488-1aa2-4648-a88b-b6cfc63aafa8,tawheed,hard,"""التولة"" شيء يصنعونه يزعمون أنه يحبّب:",الإجابة الصحيحة: المرأة إلى زوجها,,,
0772dbba-e3d7-4eff-8448-f28d3546aed5,tawheed,hard,تعليق الأوتار على الدوابّ حكمه في الباب:,الحكم الصحيح هو «التحريم»، كما قرّره النصّ الشرعيّ في الباب.,,,
0b1422bb-6481-49a0-aef1-b939c2d5974b,tawheed,hard,أنواع التوحيد الثلاثة هي:,التوحيد ثلاثة أنواع: الربوبية، الألوهية، الأسماء والصفات.,,,
0c5ed0aa-34ac-43a1-98ed-6e300dcc48c4,tawheed,hard,بعد التوحيد، أمر معاذ أن يعلمهم أن الله افترض عليهم:,الإجابة الصحيحة: خمس صلوات,,,
0c86aaf7-4148-4e4d-9cb7-45cda221595d,tawheed,hard,"لعن النبيُّ ﷺ ""زوّارات القبور""، وهنّ:",الإجابة الصحيحة: النساء,,,
0c92ec8b-2c69-42c5-8437-c492a60e8cf4,tawheed,hard,الرقى التي رخّص فيها النبي ﷺ ما خلا من:,الإجابة الصحيحة: الشرك,,,
0ea1a601-4880-40d6-89fb-202bd2e364cd,tawheed,hard,الرجل الذي دخل الجنة في الحديث:,الإجابة الصحيحة: أبى أن يقرّب شيئاً للصنم,,,
110a9b48-016f-425e-bc52-de89b5755947,tawheed,hard,الأربع كلمات التي لُعن فيها: من ذبح لغير الله، ومن لعن والديه، ومن آوى محدثاً، ومن:,الإجابة الصحيحة: غيّر منار الأرض,,,
12665606-bd43-4f2b-88f6-2a730ffb5564,tawheed,hard,"معنى ""حنيفاً"" في وصف إبراهيم عليه السلام:",«المقبل على الله المعرض عما سواه» هو المعنى الصحيح المذكور في شرح الكتاب لهذه الكلمة/المصطلح.,,,
13d43d42-9990-4713-b002-fb1a5a675b9c,tawheed,hard,ما حكم الاستسقاء بالأنواء (النجوم)؟,نسبة المطر إلى النجم شرك.,,,
17f4bbe9-0e38-4961-8a0d-c3f8c7996f10,tawheed,hard,النشرة هي حلّ السحر عن المسحور، والمذموم منها ما كان:,الإجابة الصحيحة: بسحر مثله,,,
1a068bcd-7d1d-47ab-9b13-5d6477da8892,tawheed,hard,"""ومن يؤمن بالله يهدِ"":",الإجابة الصحيحة: قلبه,,,
1b0d091c-4d9b-48f8-8ab5-62258fdea495,tawheed,hard,الذبح لغير الله من الشرك، وقد لعن النبيُّ ﷺ:,الإجابة الصحيحة: من ذبح لغير الله,,,
1b9766d1-9a5b-4a94-b14e-3d25da5ed64d,tawheed,hard,"المراد بـ ""الظلم"" في قوله ""ولم يلبسوا إيمانهم بظلم"" هو:",الإجابة الصحيحة: الشرك,,,
1be4689e-37de-4de9-b361-2187cfb9ec48,tawheed,hard,التميمة شيء يُعلّق على الأولاد لـ:,الإجابة الصحيحة: اتقاء العين,,,
1e67431e-be17-46f1-b433-cf855176e811,tawheed,hard,الذبح عبادة، وصرفها لغير الله:,الإجابة الصحيحة: شرك أكبر,,,
1f0cf859-4da1-4cd2-99ea-e2d8b77a8ba5,tawheed,hard,"قال النبي ﷺ لصاحب حلقة الصُّفر: ""انزعها فإنها لا تزيدك إلا"":",الإجابة الصحيحة: وهناً,,,
213fc1f9-d919-4153-b28a-6e53cb13acce,tawheed,hard,تعلم السحر كفر.,لأنه لا يُتوصل إليه إلا بالاستعانة بالشياطين.,,,
222835a7-bf8e-4264-9437-e8169feb6755,tawheed,hard,طاعة العلماء والأمراء واجبة ما لم تكن في:,الإجابة الصحيحة: معصية الله,,,
231ef2e8-a6b0-46f3-a316-6a096ce1f9e5,tawheed,hard,ما حكم من يذبح للجن عند بناء بيت؟,الذبح لغير الله شرك أكبر.,,,
2321374c-22ba-42fd-8659-0bbac1c51a1f,tawheed,hard,الفرق بين الشرك الأكبر والأصغر أن الأكبر:,الإجابة الصحيحة: يحبط جميع الأعمال ويخلّد في النار وينقل عن الملة,,,
2441486d-a768-4857-935a-614ad9ab871d,tawheed,hard,"من فوائد حديث ""أخوف ما أخاف عليكم الشرك الأصغر"":",الإجابة الصحيحة: أن الشرك ينقسم إلى أكبر وأصغر,,,
25eba9f1-0313-4d09-84de-2e2392745b77,tawheed,hard,العبادة شرعاً اسم جامع لـ:,الإجابة الصحيحة: كل ما يحبه الله ويرضاه من الأقوال والأعمال,,,
27a75181-bb54-44ef-b6dc-b3a84b8cc079,tawheed,hard,جعل الأنداد لله في هذا الباب فسّره ابن عباس بقوله تعالى:,الإجابة الصحيحة: فلا تجعلوا لله أنداداً,,,
27f25b39-1fc0-48c5-9ad7-bd92cf8a34be,tawheed,hard,الغلو في القبور وسيلة إلى الشرك الأكبر وهو:,الإجابة الصحيحة: عبادة الأموات,,,
28d93271-c490-4828-8ec0-c6f3bc7164a8,tawheed,hard,الحلف بالله كاذباً استهانةٌ بـ:,الإجابة الصحيحة: عظمة الله,,,
2a3acb5b-d7fb-4ac6-940f-2f83e41c9ef0,tawheed,hard,بعث النبي ﷺ معاذاً إلى:,الإجابة الصحيحة: اليمن,,,
2b962163-7813-4e7d-a437-dcdc932a8281,tawheed,hard,التبرّك بالأشجار والأحجار طلبٌ لـ:,الإجابة الصحيحة: البركة منها,,,
2d17dec8-d5ef-4210-8578-6e9e88211c69,tawheed,hard,"لعن ""من آوى محدثاً"" — المحدث هنا:",الإجابة الصحيحة: الجاني أو المبتدع,,,
2ddfede0-6d52-419e-a2dd-59c4f226c40c,tawheed,hard,"""من قطع تميمة من إنسان كان كعِدل"":",الإجابة الصحيحة: رقبة,,,
2e703534-cc6b-4d6d-bb45-9a44701a3c65,tawheed,hard,القوم كان لهم صنم لا يجوزه أحد حتى:,الإجابة الصحيحة: يُقرّب له شيئاً,,,
2edfe686-6613-43a0-8168-279537f178a0,tawheed,hard,شبّه النبي ﷺ طلبهم ذات أنواط بقول بني إسرائيل:,الإجابة الصحيحة: اجعل لنا إلهاً,,,
2f27a3e9-14bb-4189-8026-5fc0f4a2b096,tawheed,hard,الصواب أن يُقال:,الإجابة الصحيحة: ما شاء الله ثم شئت,,,
34f0da6e-4ab8-4721-b1eb-1105c59d76f2,tawheed,hard,ما حكم التوسل بجاه النبي ﷺ؟,التوسل بالجاه لم يرد عن السلف، وهو ذريعة إلى الشرك.,,,
3b9083b9-d76b-444d-b4f1-698004306c91,tawheed,hard,لبس الحلقة والخيط لدفع البلاء — إن اعتقد أنها تدفع بذاتها فهو شرك:,الإجابة الصحيحة: أكبر,,,
3b9dfaa1-71d8-43d4-9186-ac1b6a1d3774,tawheed,hard,سبّ الدهر يقع عند:,الإجابة الصحيحة: نزول المصائب,,,
3c1296c6-fc29-4510-b981-c26adbde2704,tawheed,hard,"في حديث ""ذات أنواط"": كان المشركون يعكفون عند سدرة و:",الإجابة الصحيحة: ينوطون بها أسلحتهم,,,
3cf3c896-862d-4d67-adcf-45cb7953fb21,tawheed,hard,اتخاذ الشفعاء من دون الله من:,الإجابة الصحيحة: الشرك,,,
3dd4b276-8f45-44cb-9687-a9698d9c17a0,tawheed,hard,"معنى ""الدهر"":",«الوقت والزمان» هو المعنى الصحيح المذكور في شرح الكتاب لهذه الكلمة/المصطلح.,,,
3e1ef6b1-3509-4241-9ff6-cea12fc2c0ea,tawheed,hard,"""لا تجعلوا بيوتكم قبوراً ولا تجعلوا قبري"":",الإجابة الصحيحة: عيداً,,,
3eceeead-10fc-43d9-8d95-773316ea05e3,tawheed,hard,حكم نسبة المطر إلى الأنواء:,نسبة المطر إلى النجم شرك.,,,
40bc29cf-0f21-4126-a200-85f313d0c18a,tawheed,hard,مذهب السلف في أسماء الله وصفاته هو التأويل.,مذهب السلف إمرارها كما جاءت.,,,
4140eba5-8540-463b-b584-4e5747ce9e4c,tawheed,hard,الحلف بغير الله سببه قلّة:,الإجابة الصحيحة: تعظيم الرب,,,
452c347d-22df-4d85-8dcf-2387bcba806c,tawheed,hard,الزكاة تؤخذ من أغنياء القوم وتُرد على:,الإجابة الصحيحة: فقرائهم,,,
489d67b5-aaf6-4657-be72-919c5875ee6b,tawheed,hard,من الأمور الأربعة التي وردت في حديث عليّ: لعن الله من ذبح لغير الله، ومن لعن:,«والديه» هو ما ثبت في لفظ الحديث/الأثر كما أورده الكتاب.,,,
48ee7845-f5f6-4d90-9da0-6f890e9ca6dc,tawheed,hard,"""فصلِّ لربك وانحر"" دليل على أن النحر يكون:",الإجابة الصحيحة: لله وحده,,,
4bab0c4c-4e6e-4433-bd54-d13de14727a0,tawheed,hard,الذي كان يعجب النبي ﷺ ويأذن به هو:,الإجابة الصحيحة: الفأل,,,
4bf8602f-a602-45dc-8ba3-ac52b6cc6df9,tawheed,hard,الكاهن هو الذي يدّعي علم:,الإجابة الصحيحة: الغيب المستقبل,,,
51990c98-78e7-45db-ac60-ae2b4110517f,tawheed,hard,التطيّر هو:,الإجابة الصحيحة: التشاؤم بالطير ونحوه,,,
526056fb-6bfe-46d4-8757-bb10474f3c3b,tawheed,hard,"""وهو العليّ"" تتضمن لله علوّ:",الإجابة الصحيحة: الذات والقدر والقهر,,,
5694cbcb-e4ae-4674-896c-2656f9239202,tawheed,hard,"من قال ""مُطرنا بنوء كذا"" معتقداً أن النوء فاعل:",الإجابة الصحيحة: كفر أكبر,,,
56d84e5c-b1b8-4f05-b1f1-3c73e0ff1e31,tawheed,hard,"المراد بـ ""الصراط"" في قوله ""وأن هذا صراطي مستقيماً"" هو:",الإجابة الصحيحة: كتاب الله وسنة رسوله لأنهما طريق إلى الجنة,,,
587174d4-898d-44e1-9bd4-3ed80bd0c051,tawheed,hard,إفراد الله بالخلق والملك والتدبير هو:,الإجابة الصحيحة: توحيد الربوبية,,,
58846605-e74a-4fa3-a38b-7030618cc9ea,tawheed,hard,"""ما شاء الله وشئت"" عبارة:",الإجابة الصحيحة: محرمة,,,
596c922b-de21-40ea-80fa-f55a8e85f28b,tawheed,hard,الرياء من أمثلة:,الإجابة الصحيحة: الشرك الأصغر,,,
6271b1a1-a78c-406d-8f0d-c4e74b19cdd0,tawheed,hard,"معنى ""وأنا أُقلّب الليل والنهار"":",«أنا مدبّر الزمان ومصرّفه» هو المعنى الصحيح المذكور في شرح الكتاب لهذه الكلمة/المصطلح.,,,
633384a1-5bf2-43af-b108-05584fb1c1a1,tawheed,hard,سبب النهي عن سبّ الريح أنه:,الإجابة الصحيحة: خلق مدبّر، فيرجع السبّ إلى خالقها ومدبّرها,,,
6442a927-fbac-4744-87e4-56385f432ac1,tawheed,hard,"معنى ""العبادة"" في اللغة هو:",«التذلل والخضوع» هو المعنى الصحيح المذكور في شرح الكتاب لهذه الكلمة/المصطلح.,,,
64c80a59-b7bf-4c43-b0af-4029db51c458,tawheed,hard,"قال ﷺ: ""لا تحلفوا"" بـ:",الإجابة الصحيحة: آبائكم,,,
654e7e3e-b5a0-4be7-9adc-8568f5b456a8,tawheed,hard,"""اتخذوا أحبارهم ورهبانهم أرباباً من دون الله"" فُسّر اتخاذهم أرباباً بأنهم:",الإجابة الصحيحة: أطاعوهم في تحليل الحرام وتحريم الحلال,,,
6a3a6490-ff2a-4ad8-b7e1-51caca18e6ca,tawheed,hard,يجوز دعاء الأموات والاستغاثة بهم.,دعاء الأموات شرك أكبر.,,,
6a607ce4-658c-424f-ae9b-a2c88dfeafeb,tawheed,hard,اللات والعزى ومناة أصنامٌ كانت تعبدها:,الإجابة الصحيحة: العرب في الجاهلية,,,
6b317123-52d5-4c3f-b39f-7d3f25ae1360,tawheed,hard,بناء المساجد على القبور والإسراج عليها من:,الإجابة الصحيحة: وسائل الشرك,,,
70c41824-f922-4273-b005-10b5038a2711,tawheed,hard,"العطف بـ""ثُمّ"" يقتضي:",الإجابة الصحيحة: الترتيب والتراخي,,,
71b8f0ff-8a96-472a-9889-dd544a9af765,tawheed,hard,من شروط صحة العبادة:,الإجابة الصحيحة: اجتناب الشرك,,,
7299a694-ee43-488f-9a3d-7b9425d79c6a,tawheed,hard,"قال بعض أصحاب النبي ﷺ يوم حنين: اجعل لنا ""ذات"":",الإجابة الصحيحة: أنواط,,,
72ab80d0-d4f0-4667-9ccf-2ba887973b8d,tawheed,hard,التسمي بقاضي القضاة جائز.,لأنه لا قاضي إلا الله.,,,
7357853d-f315-414d-8557-1bc9babc8afb,tawheed,hard,"""اللهم لا تجعل قبري وثناً يُعبد"" دعاء يدل على النهي عن الغلو في:",الإجابة الصحيحة: القبور,,,
74721169-8c93-4911-ba5a-38a9c341a118,tawheed,hard,التمائم: شيء يُعلّق على الأولاد يُتّقى به:,الإجابة الصحيحة: العين,,,
747c8aba-bc56-441b-8a6f-bdbcb833f28c,tawheed,hard,الذين يدخلون الجنة بغير حساب من صفاتهم أنهم:,الإجابة الصحيحة: لا يسترقون ولا يكتوون ولا يتطيرون وعلى ربهم يتوكلون,,,
75231078-cd23-4f47-9896-2c7fd6d5c099,tawheed,hard,"""وصلّوا عليّ فإن صلاتكم تبلغني"" دليل على مشروعية:",الإجابة الصحيحة: الصلاة على النبي ﷺ,,,
75339e66-ab4e-40c6-b1c4-e924a7fd4789,tawheed,hard,الصلاة على النبي ﷺ تبلغه حيث كنتم لأن الله وكّل بقبره:,الإجابة الصحيحة: ملائكة تبلّغه السلام,,,
7557ec6f-77b4-456e-ab8a-b004b09730cf,tawheed,hard,من صفات السبعين ألفاً أنهم لا يسترقون ولا يكتوون ولا يتطيّرون وعلى ربهم:,الإجابة الصحيحة: يتوكلون,,,
75e28b93-1549-4978-8ff1-a86a59da00f9,tawheed,hard,"الحسن البصري قال: ""لا يحلّ السحر إلا"":",الإجابة الصحيحة: ساحر,,,
79060455-082e-4ede-9964-2c3c684bd269,tawheed,hard,ما حق الله على العباد؟,الإجابة الصحيحة: أن يعبدوه ولا يشركوا به شيئاً,,,
7b24f1b0-4ef8-4f08-90a9-0d41cd530804,tawheed,hard,عدم الرضا بالحلف بالله يدل على قلّة تعظيم:,الإجابة الصحيحة: الرب,,,
7c7275f1-4261-442c-aeeb-92c41a5ffcb9,tawheed,hard,الذبح لله في مكان يُذبح فيه لغير الله جائز مطلقاً.,لا يجوز إذا كان المكان عيداً للمشركين.,,,
7edb0db0-2231-4a7d-9e66-324713e2b8d4,tawheed,hard,النوع الجائز من النُّشرة هو ما كان بـ:,الإجابة الصحيحة: الرقية والأدعية المباحة,,,
7ee48b8d-e3ca-4d71-b876-7897e19ec75a,tawheed,hard,حكم تعلّم السحر وتعليمه:,الحكم الصحيح هو «كفر»، كما قرّره النصّ الشرعيّ في الباب.,,,
7f38a87e-90c6-4579-afd4-534df7a32926,tawheed,hard,"""لتركبُنّ سنن من كان قبلكم"" يحذّر من:",الإجابة الصحيحة: التشبه بالأمم السابقة,,,
803d9a7b-5fdc-4055-b8a4-de57064ed726,tawheed,hard,"""زائرات القبور"" لُعنّ — والمقصود من:",الإجابة الصحيحة: النساء,,,
82d5d522-c6c8-4203-81ec-598bf85cfe55,tawheed,hard,من علّق التمائم اعتقاداً أنها تدفع الضرّ بذاتها فهو:,الإجابة الصحيحة: شرك أكبر,,,
83f5092b-7e8e-43b8-a99e-ee497a4cc30a,tawheed,hard,"""من اقتبس شُعبة من النجوم فقد اقتبس شعبة من"":",الإجابة الصحيحة: السحر,,,
854cd1e3-5dd5-4483-9bd6-00b3778f0c97,tawheed,hard,أول ما أمر معاذٌ أن يدعو إليه أهل اليمن:,الإجابة الصحيحة: شهادة أن لا إله إلا الله,,,
862a0cbc-eeff-47fd-aaff-d32a7aeccd59,tawheed,hard,غيّر النبيُّ ﷺ اسم الرجل المكنّى بأبي الحَكَم لأن الحُكم:,الإجابة الصحيحة: إلى الله,,,
8708a0b5-8775-4f79-b8da-345c98005d8e,tawheed,hard,التنجيم: الاستدلال بالأحوال الفلكية على الحوادث الأرضية، وتعلّمه نوع من:,الإجابة الصحيحة: السحر,,,
89d6d9e6-669c-4ffa-901a-b973c1e4c947,tawheed,hard,"معنى ""تحقيق التوحيد"":",«تصفيته من الشرك والبدع والمعاصي» هو المعنى الصحيح المذكور في شرح الكتاب لهذه الكلمة/المصطلح.,,,
89fcf4ea-44b1-4d00-ba3f-0bf15a37c855,tawheed,hard,"""لا إله إلا الله"" أعظم كلمة لأنها:",الإجابة الصحيحة: كلمة التوحيد,,,
8bbc9f98-83ba-45c9-bf48-000ae6bd9303,tawheed,hard,سوء الظن بالله هو عقيدة أهل:,الإجابة الصحيحة: الجاهلية,,,
8e6d6d3d-8a7d-4f42-bc40-90cd1d9165d7,tawheed,hard,"معنى ""لا يتطيرون"":",«لا يتشاءمون بالطيور ونحوها» هو المعنى الصحيح المذكور في شرح الكتاب لهذه الكلمة/المصطلح.,,,
8f0b87fc-a2fc-4a90-9dbd-7b333fc1f919,tawheed,hard,ما معنى الإلحاد في أسماء الله؟,الإلحاد في أسماء الله: الميل بها عن الحق.,,,
8f6895fa-fbc1-4793-b647-f20999d7a041,tawheed,hard,"العطف بـ""الواو"" يقتضي:",الإجابة الصحيحة: الجمع والمساواة,,,
9514ff1c-8ab0-4e74-bb74-cd92d15ff321,tawheed,hard,القصة تدل على عظم خطر:,الإجابة الصحيحة: الشرك ولو بشيء يسير,,,
9550463c-0568-4a02-aff3-fb26608c812e,tawheed,hard,"المراد بـ ""الطاغوت"" المشتق من الطغيان هو:",الإجابة الصحيحة: مجاوزة الحد، وكل ما عُبد من دون الله وهو راضٍ,,,
997c9f56-378d-4c22-84f4-34e4f2476ca8,tawheed,hard,النوع الجائز من النشرة يكون بـ:,الإجابة الصحيحة: الرقية والتعوذات والأدعية المباحة,,,
9a318710-4653-4493-9d4c-6a3a54ddceaa,tawheed,hard,"معنى ""لا يسترقون"" في حديث السبعين ألفاً:",«لا يطلبون من يرقيهم استغناءً عن الناس» هو المعنى الصحيح المذكور في شرح الكتاب لهذه الكلمة/المصطلح.,,,
9d0fc66c-0113-4603-9da1-241e64b9ca61,tawheed,hard,"قوله ﷺ ""من تعلّق تميمة فقد"":",الإجابة الصحيحة: أشرك,,,
9d822364-4a9c-49db-8e14-bbc4e61ee2d4,tawheed,hard,"ومنها: ""لعن الله من لعن"":",الإجابة الصحيحة: والديه,,,
9dff70af-2b41-4a94-bb12-bced97c79c13,tawheed,hard,ما يُشرع قوله عند رؤية ما نكره من الريح:,الإجابة الصحيحة: اللهم إنا نسألك خير هذه الريح وخير ما فيها,,,
9e199481-fd0b-4422-8eed-ab021d9a622b,tawheed,hard,من أطاع مخلوقاً في تغيير أحكام الله مع علمه بمخالفته فقد وقع في:,الإجابة الصحيحة: الشرك الأكبر,,,
a0843318-ca13-4eb8-8738-14b57dcb6919,tawheed,hard,ما صفات المرائين كما ورد في القرآن؟,وصف الله المنافقين بأنهم يراؤون الناس في صلاتهم وعبادتهم.,,,
a0b81b41-af88-44e9-8959-e55532d54fa5,tawheed,hard,ابن القيم جعل النشرة نوعين: حلّ السحر بسحر مثله، وحلّ بالرقية والأدعية المباحة؛ فالأول:,الإجابة الصحيحة: من عمل الشيطان,,,
a243b1c1-d9e1-46f6-a39e-c44acce9f8a7,tawheed,hard,الرجل الذي رأى النبيُّ ﷺ في يده حلقة من صُفر قال إنها من:,الإجابة الصحيحة: الواهنة,,,
a4a25e9a-3c4f-4533-8680-0c6c87f411f2,tawheed,hard,الإيمان بالقدر واجب.,وتؤمن بالقدر خيره وشره.,,,
a4fa7933-c303-4a6e-8421-dcf038169af8,tawheed,hard,"""اللهم لا تجعل قبري وثناً يُعبد، اشتدّ غضب الله على قوم اتخذوا قبور أنبيائهم"":",الإجابة الصحيحة: مساجد,,,
a515bbb9-25ce-4c99-a85b-8b87b62b6b24,tawheed,hard,من حلف بالله فليصدق، ومن حُلف له بالله:,الإجابة الصحيحة: فليرضَ,,,
a53737b1-3a95-4bf9-acf7-12013d319761,tawheed,hard,حل السحر بالرقية الشرعية جائز.,أما حله بسحر مثله فحرام.,,,
a5568f3d-1101-47a7-8b0d-641127f5e1b3,tawheed,hard,"الصحابي الذي قال له النبي ﷺ ""أنت منهم"" في حديث السبعين ألفاً هو:",الإجابة الصحيحة: عكاشة بن محصن,,,
a597917b-1577-46b3-a3b8-a255bf83a76b,tawheed,hard,"""لا تجعلوا بيوتكم قبوراً"" أي لا تخلوها من:",الإجابة الصحيحة: الصلاة وذكر الله,,,
a5ba6572-873d-48a0-ab79-55f82a1f27c1,tawheed,hard,"""لعن الله اليهود والنصارى اتخذوا قبور أنبيائهم"":",الإجابة الصحيحة: مساجد,,,
a68b37ad-9d30-460c-95f2-c29653e18f38,tawheed,hard,"""حنيفاً"" معناها المُقبل على الله المُعرض عمّا:",الإجابة الصحيحة: سواه,,,
a7094b34-e5d0-4217-af43-506fe49c1464,tawheed,hard,إبراهيم عليه السلام دعا ربه أن يجنّبه وبنيه:,الإجابة الصحيحة: عبادة الأصنام,,,
a7a27a0e-0ffd-460f-a65d-ff2d711d35b3,tawheed,hard,في حديث معاذ إلى اليمن: أول ما يُدعون إليه شهادة أن لا إله إلا الله، فإن أطاعوا فأعلمهم أن الله فرض عليهم خمس صلوات في:,الإجابة الصحيحة: كل يوم وليلة,,,
a8f23c47-fc66-475b-932a-466229070465,tawheed,hard,ما حكم تصديق المنجمين والعرافين؟,من صدق كاهناً أو منجماً بما يخبر به من الغيب فقد كفر.,,,
aa0c03c7-0e4a-4832-bdf1-9b1b36877765,tawheed,hard,من لم يشرك بالله ومات على ذلك فهو:,الإجابة الصحيحة: من أهل الجنة,,,
aaa355d9-0fe7-43f7-a21e-1f812b517162,tawheed,hard,"""وما يعلّمان من أحد حتى يقولا إنما نحن"":",الإجابة الصحيحة: فتنة فلا تكفر,,,
ab58020f-2dd4-4503-8ee4-8eaaf17ae184,tawheed,hard,لعن النبيُّ ﷺ اليهود والنصارى لأنهم اتخذوا قبور أنبيائهم:,الإجابة الصحيحة: مساجد,,,
ad0cda9e-2707-4344-a8b3-650d84dd63ff,tawheed,hard,"العطف بالواو في ""ما شاء الله وشئت"" يقتضي:",الإجابة الصحيحة: التسوية والتشريك,,,
b014a3f8-58cf-4ebe-9146-4c7a2ff13293,tawheed,hard,"""لا تتخذوا قبري عيداً"" نهيٌ عن:",الإجابة الصحيحة: تكرار قصده للعبادة,,,
b1d48eda-4c32-457b-8036-44e42b538b13,tawheed,hard,من جعل الحلف بالله بضاعةً في تجارته فقد:,الإجابة الصحيحة: استهان باسم الله,,,
b6c16560-bb78-4da3-acd3-ff7913c0f63c,tawheed,hard,الشفاعة لا تكون إلا لأهل التوحيد.,وأخبر النبي ﷺ أنها لا تكون إلا لأهل الإخلاص.,,,
b8b6777f-0baa-4cf0-b2f9-48a62be0439b,tawheed,hard,"نزلت آية ""أبالله وآياته ورسوله كنتم تستهزئون"" في:",الإجابة الصحيحة: غزوة تبوك,,,
b8b6da61-ae48-4090-bb82-c14b7c4f8b8c,tawheed,hard,نفى الله عن المشركين كل ما تعلّقوا به سواه: المُلك، والشركة فيه، والعون، فلم يبقَ إلا:,الإجابة الصحيحة: الشفاعة بإذنه,,,
baad151d-a38b-4211-83d2-70f10c94a1a4,tawheed,hard,الرجل الذي أبى أن يقرّب للصنم شيئاً:,الإجابة الصحيحة: دخل الجنة,,,
bc5947f4-55ea-44d4-8ede-cfeea049703d,tawheed,hard,النشرة لغةً: حلّ السحر عن:,الإجابة الصحيحة: المسحور,,,
c36da190-d705-4caa-8439-74422699ef13,tawheed,hard,كثرة الحلف في البيع والشراء:,الإجابة الصحيحة: تمحق البركة,,,
c4d7c153-b803-4854-a14a-3c0c330a20fb,tawheed,hard,من حلف بالله وهو كاذب فقد:,الإجابة الصحيحة: استهان بعظمة الله,,,
c5662191-8d39-41d8-877f-d13c4f5a8b9f,tawheed,hard,التولة شيء يُصنع يُزعم أنه يحبّب:,الإجابة الصحيحة: المرأة إلى زوجها,,,
c6373945-633a-4d33-ab27-abf0fbc212de,tawheed,hard,النذر لغير الله من:,الإجابة الصحيحة: الشرك,,,
c73c582b-6fda-42ef-834b-ce548606100c,tawheed,hard,"""الرقى والتمائم والتولة"" حكمها في الحديث:",الحكم الصحيح هو «شرك»، كما قرّره النصّ الشرعيّ في الباب.,,,
c7f49e10-f1b3-4e90-83b0-7e609c62df8c,tawheed,hard,ما معنى قول النبي ﷺ: لا تقوم الساعة حتى تعبد قبائل من أمتي الأوثان؟,الحديث فيه إخبار بوقوع الشرك في بعض هذه الأمة.,,,
c95dc2bd-57df-47dd-b66e-f1115ca597ea,tawheed,hard,الاستغاثة بالأموات فيما لا يقدر عليه إلا الله:,الإجابة الصحيحة: شرك أكبر,,,
c9fc1f52-7dde-40ec-a336-ee5cdc5c540b,tawheed,hard,"""من تعلّق شيئاً وُكِل إليه"" — معناه أن من اعتمد على غير الله:",الإجابة الصحيحة: عامله الله بنقيض قصده,,,
cab8d777-a5ef-4376-a28f-a2eb43fdea02,tawheed,hard,ما حكم قول: لولا الله وفلان؟,الواو تقتضي التشريك.,,,
cc3b746d-ccd0-4208-9ad4-60bfdc53f060,tawheed,hard,الذبح لغير الله من الشرك لأنه:,الإجابة الصحيحة: عبادة صُرفت لغير الله,,,
ccba6bd4-edcc-4487-817d-b7bf46418c07,tawheed,hard,"""ومن لم يرضَ"" بالحلف بالله ""فليس من"":",الإجابة الصحيحة: الله,,,
ccdd5a64-f4df-4b56-8bf0-6a49ea5ce7c7,tawheed,hard,"في حديث عدي بن حاتم، اعترض عدي بقوله: ""إنا لسنا"":",الإجابة الصحيحة: نعبدهم,,,
ce49ac10-1df5-4fc2-99ad-422252aebe81,tawheed,hard,"في رواية: ""من علّق تميمة فقد"":",الإجابة الصحيحة: أشرك,,,
cf9d9880-aa01-496c-9b11-28ea8dccbb08,tawheed,hard,اللات والعزّى ومناة الثالثة ذُكرت في سورة:,الإجابة الصحيحة: النجم,,,
d0010fcf-8807-44b4-863c-089d08f6509a,tawheed,hard,من لم يرضَ بالحلف بالله فـ:,الإجابة الصحيحة: ليس من الله,,,
d076c660-3838-414b-a357-8820fed0cfce,tawheed,hard,تعظيم القبور والعكوف عندها يؤدي إلى:,الإجابة الصحيحة: عبادة أصحابها,,,
d35a21fe-c724-4e4d-bff1-99ef92c462ee,tawheed,hard,"""الأصنام"" جمع صنم، وهو:",الإجابة الصحيحة: ما كان منحوتاً على صورة بشر أو حيوان,,,
d94cc110-7562-4abd-a741-7fbe304f9d20,tawheed,hard,يُستفاد من الحديث أن الشرك ولو بشيء يسير:,الإجابة الصحيحة: يُدخل النار,,,
dbb58225-d939-42db-9a4e-938d8aa916b3,tawheed,hard,الحلقة والخيط لدفع البلاء إذا اعتُقد أنه سبب فقط فهو:,الإجابة الصحيحة: شرك أصغر,,,
dd12fb28-2682-48bd-bb75-f0e837d7224b,tawheed,hard,"معنى ""يلبسوا"" في قوله تعالى ""ولم يلبسوا إيمانهم بظلم"":",«يخلطوا» هو المعنى الصحيح المذكور في شرح الكتاب لهذه الكلمة/المصطلح.,,,
df4d0a39-f3c9-4c77-bc68-451ef0d0835e,tawheed,hard,الدعوة إلى الله تكون على:,الإجابة الصحيحة: بصيرة,,,
e29e8819-b1cd-4e78-817e-1127e98ef5b6,tawheed,hard,"""الأحبار"" هم علماء:",الإجابة الصحيحة: اليهود,,,
e9698e2d-0e42-43d5-a76d-c600eed25939,tawheed,hard,حذّر النبيُّ معاذاً من أخذ:,الإجابة الصحيحة: كرائم أموال الناس,,,
ee5c760f-b512-4b73-8d9f-f58867097916,tawheed,hard,الشفاعة لا تنفع إلا لمن:,الإجابة الصحيحة: أذِن له الربّ,,,
ee68f5c9-03bb-4caf-9383-d47e0637a1db,tawheed,hard,"""دخل النار رجلٌ في ذُباب"" لأنه:",الإجابة الصحيحة: قرّب للصنم قرباناً,,,
ef095a67-a7b1-4f56-8c70-0330fb847eae,tawheed,hard,الهامة التي نفاها الحديث: تشاؤمهم بـ:,الإجابة الصحيحة: البومة,,,
ef6f835b-83e6-4ae1-8da4-fa611367ca6e,tawheed,hard,يُستفاد من ترتيب التوحيد ثم الصلاة ثم الزكاة:,الإجابة الصحيحة: البدء بالأهمّ فالأهمّ,,,
ef93a253-ab45-4f46-8bf3-1f2209473f81,tawheed,hard,إبراهيم النخعي روي عنه كراهة التمائم كلها من القرآن و:,الإجابة الصحيحة: غير القرآن,,,
ef99b679-d9b8-4baf-bf02-f9dd3f53b620,tawheed,hard,"""لا تحلفوا بآبائكم، من حلف بالله"":",الإجابة الصحيحة: فليصدق,,,
f030d068-057c-4878-902f-5095e9c1f057,tawheed,hard,من أتى عرّافاً فسأله عن شيء لم تُقبل له صلاة:,الإجابة الصحيحة: أربعين ليلة,,,
f12d9517-49b3-43e9-a327-e3f536fce0cb,tawheed,hard,"""اللات"" كان رجلاً يلتّ السويق للحجاج ثم عُكف على:",الإجابة الصحيحة: قبره,,,
f49dd9b4-803d-42b4-bb09-6ab2b0ce2b84,tawheed,hard,من صدّق الكاهن بما يقول فقد كفر بما أُنزل على:,الإجابة الصحيحة: محمد ﷺ,,,
f75c251d-b05f-4d68-9969-1c7f33a838a7,tawheed,hard,"الحلف بغير الله شركٌ، قال ﷺ: ""لا تحلفوا"":",الإجابة الصحيحة: بآبائكم,,,
fa137744-f39d-4492-beeb-5af9cf14205a,tawheed,hard,"""ليس منّا من ضرب الخدود وشقّ الجيوب ودعا بدعوى"":",الإجابة الصحيحة: الجاهلية,,,
fa8d48e1-4397-49a7-8752-3a1ae6d51f08,tawheed,hard,"""الطِّيَرة شرك"" قالها النبي ﷺ ثلاثاً، وما منا إلا، ولكن الله يذهبه بـ:",الإجابة الصحيحة: التوكل,,,
fb727364-6c70-455b-aa96-0e3c530543e6,tawheed,hard,"الذي ردّ على المنافق وقال ""كذبت ولكنك منافق"":",الإجابة الصحيحة: عوف بن مالك,,,
fbfb9bfc-051e-4609-aabc-42d625497283,tawheed,hard,الغلو في قبور الصالحين وسيلةٌ إلى:,الإجابة الصحيحة: عبادتها من دون الله,,,
ff1a8f06-8411-4a37-9a76-fb7919b2e94c,tawheed,hard,علم منازل القمر للاهتداء بالطرق والأوقات:,الإجابة الصحيحة: رخّص فيه أحمد وإسحاق,,,
ff4562f9-8b75-4033-82bd-06f3fb17f3fa,tawheed,hard,"سُئل النبي ﷺ عن النُّشرة فقال: ""هي من عمل"":",الإجابة الصحيحة: الشيطان,,,
01a9767c-2ef1-42ab-a79e-355014cf20af,tawheed,medium,"""إن الرقى والتمائم والتولة شرك"" — هذا الحديث رواه:",الإجابة الصحيحة: ابن مسعود,,,
0547afb4-1af0-47a1-a106-bedcb9c94e34,tawheed,medium,الرجل الذي دخل الجنة هو الذي:,الإجابة الصحيحة: أبى أن يقرّب شيئاً,,,
05f6330f-6bc6-4525-a063-0297c0e31b67,tawheed,medium,نفى الله عن المشركين كل ما يتعلقون به سوى الله من ملكٍ أو:,الإجابة الصحيحة: نصيب من الملك,,,
0b79cc37-e91a-43e2-b864-f3435b7b633b,tawheed,medium,ما العلامة التي تدل على أن محبة الله فوق كل شيء؟,علامة صدق محبة الله: أن يكون الله ورسوله أحب إليه مما سواهما.,,,
0ee3eee4-240a-429a-a40b-c667a81a81a6,tawheed,medium,التبرك الممنوع هو طلب البركة من الأشجار والأحجار مع اعتقاد أنها:,الإجابة الصحيحة: تنفع وتضر بذاتها,,,
12da482a-40d3-42ed-88e9-bba88f44f521,tawheed,medium,"""من اقتبس شُعبة من النجوم اقتبس شعبة من"":",الإجابة الصحيحة: السحر,,,
13ddbba4-7069-4629-bee5-3ab9e9923381,tawheed,medium,ما أول ما أمر الله به من الواجبات؟,الإجابة الصحيحة: التوحيد,,,
1846362e-ef04-4578-890d-f9cc27113266,tawheed,medium,ما الفروق الثلاثة بين الشرك الأكبر والأصغر؟,الشرك الأكبر: يحبط كل العمل، يخلد في النار، يخرج من الإسلام.,,,
1b1e9bd8-f143-4541-9a08-c885029dde77,tawheed,medium,من تأوّل في النجوم غير ما خُلقت له فقد:,الإجابة الصحيحة: أخطأ وأضاع نصيبه,,,
1b9a9d1f-a640-4fb3-a66a-c362cbe0c70b,tawheed,medium,الطيرة هي التشاؤم بـ:,الإجابة الصحيحة: الطيور والأسماء والبقاع,,,
1eb7362b-6c49-4540-b3df-eaadbdf168d7,tawheed,medium,إبراهيم عليه السلام كان إماماً للموحّدين، ودعا ربه أن يجنّبه وبنيه:,الإجابة الصحيحة: عبادة الأصنام,,,
24b979bd-760c-41d7-ac3e-33412c2bb0b8,tawheed,medium,الكهانة شرك لأنها تتضمن دعوى مشاركة الله في علم:,الإجابة الصحيحة: الغيب,,,
2556dfe6-ba39-4492-84b3-e2f47a8c7162,tawheed,medium,الخوف من الله عبادة فلا يجوز صرفه لغيره.,الخوف التعبدي لا يصرف إلا لله.,,,
28340c7a-8ced-48bb-bccd-b8c62fb2144e,tawheed,medium,"""لا يسترقون"" معناها:",الإجابة الصحيحة: لا يطلبون من يرقيهم,,,
288554fc-7b6d-4532-b1a7-018cb647e5e2,tawheed,medium,ما الفرق بين الرياء والسمعة؟,الرياء: إظهار العبادة ليُرى، والسمعة: التحدث بها ليُسمع.,,,
2dde27a6-9bcf-4813-bdcd-7f7ab454c272,tawheed,medium,التشاؤم بالأيام والأرقام من التطير.,,,,
2e022c6c-53d1-4f7e-95d8-18cb13747147,tawheed,medium,النذر للقبور والأضرحة شرك أكبر.,لأنه صرف عبادة لغير الله.,,,
2ef865ff-631d-4bce-bf3e-6ccb0a2637a1,tawheed,medium,ما معنى التوحيد الذي يُنجي صاحبه من النار؟,التوحيد المنجي يشترط: معرفة معناها، والإيمان بها، والعمل بمقتضاها.,,,
30e67e81-85f8-44e0-abee-f4c482fa9a03,tawheed,medium,ما حكم تصوير ذوات الأرواح؟,أشد الناس عذاباً يوم القيامة المصورون.,,,
31d01083-05bc-4e25-8e66-97305355e95e,tawheed,medium,من أطاع مخلوقاً في تحليل ما حرّم الله فقد اتخذه:,الإجابة الصحيحة: رباً,,,
33d28514-3cde-4ca8-b0eb-b80712dcdcd1,tawheed,medium,الرقية التي رخّص فيها النبي ﷺ هي ما خلا من:,الإجابة الصحيحة: الشرك,,,
39a35c94-3034-43c9-bcc0-3032b1b01381,tawheed,medium,ما الركنان الأساسيان في التوحيد المستفادان من كلمة التوحيد؟,قال تعالى: (فمن يكفر بالطاغوت ويؤمن بالله فقد استمسك بالعروة الوثقى).,,,
3c25460f-3ac5-43d1-9aec-fc24349f558d,tawheed,medium,ما معنى قوله ﷺ: احرص على ما ينفعك واستعن بالله ولا تعجز؟,الحديث يأمر بالحرص على الخير وفعل الأسباب مع الاستعانة بالله.,,,
3c319970-f000-4353-b0de-d0e25c6c77ee,tawheed,medium,يجوز التبرك بزيارة قبور الصالحين ودعائهم.,دعاء الأموات شرك أكبر.,,,
3cdbeda2-04b0-4613-8b63-361a74933d3c,tawheed,medium,"حدّث عليّ ﷺ بأربع كلمات، أولها: ""لعن الله من ذبح"":",الإجابة الصحيحة: لغير الله,,,
3cedf36e-e899-4336-be8f-e6f4a279cdaa,tawheed,medium,كيف توسل أصحاب الغار بصالح أعمالهم؟,توسلوا إلى الله بأعمالهم الصالحة كبر الوالدين والعفاف.,,,
42e93943-2605-4da9-80a5-b627eaf71cbe,tawheed,medium,ما الفرق بين توحيد الربوبية وتوحيد الألوهية؟,الربوبية: الخلق والتدبير، والألوهية: العبادة.,,,
4454e703-9649-4ddb-a92d-c2f04473a23e,tawheed,medium,الاستغاثة معناها:,الإجابة الصحيحة: طلب الغوث وكشف الشدة,,,
470ab1f1-7138-41d9-9bea-539f78397d5c,tawheed,medium,طلب الصحابة شجرة ذات أنواط كان من باب التبرك المشروع.,بل أنكر عليهم النبي ﷺ لأنه شرك.,,,
4bf4fd9c-e6d5-4550-b476-2f86353dd123,tawheed,medium,الحاكم بغير ما أنزل الله قد يكون طاغوتاً.,إذا حكم بغير ما أنزل الله مستحلاً لذلك فهو طاغوت.,,,
51689934-7271-4dfa-9233-d03b5157f605,tawheed,medium,"اسم ""الحَكَم"" من أسماء الله، ومعناه الحاكم الذي:",الإجابة الصحيحة: لا يُرَدّ حكمه,,,
5a6f9b20-ef56-4694-bb7f-ae039cd5a7bc,tawheed,medium,النُّشرة المحرّمة عند ابن القيم هي حلّ السحر بـ:,الإجابة الصحيحة: سحر مثله,,,
5d63fb7b-d138-4778-86f3-7c3442e87891,tawheed,medium,الأمن التام والاهتداء يحصل لمن:,الإجابة الصحيحة: حقّق التوحيد,,,
5e0df875-e917-44a4-b798-2cd8a0b72fe2,tawheed,medium,ما الفرق بين النذر لله والنذر لغير الله؟,النذر لله عبادة، ولغير الله شرك.,,,
5e3dd3b2-d8b5-4e8c-aadc-f1e9ccedea26,tawheed,medium,من علّق وَتَراً (وتر القوس) في رقبة بعير أمر النبي ﷺ بـ:,الإجابة الصحيحة: قطعه,,,
5f8f87a9-f157-4658-8adf-db683c7920b0,tawheed,medium,اتخاذ الأحبار والرهبان أرباباً معناه طاعتهم في:,الإجابة الصحيحة: التحليل والتحريم,,,
6a8db774-0db4-4a79-bcab-2fc94bf61a4e,tawheed,medium,النهي عن القلائد في رقاب الإبل كان لأنهم يعتقدونها تدفع:,الإجابة الصحيحة: العين,,,
6c9635e3-c30b-4584-8203-d1e19e92283e,tawheed,medium,إذا لم يؤثّر التشاؤم على عزم الإنسان ومضى فـ:,الإجابة الصحيحة: فليس بطيرة مذمومة,,,
6cbd581e-6a2f-44d9-9e8f-451dc7922513,tawheed,medium,التمائم التي رخّص فيها بعض السلف هي المُعلّق من:,الإجابة الصحيحة: القرآن,,,
6e2924ca-70c4-410e-9a92-ee2fc9d0358b,tawheed,medium,والآخر دخل الجنة في:,الإجابة الصحيحة: ذُباب,,,
6e55abe0-45c5-4cb2-a74a-6f97e74dbd6f,tawheed,medium,لماذا اعتُبر التطير شركاً؟,التطير شرك لأنه اعتقاد أن ما يُتشاءم به يجلب الضر.,,,
7559b2f1-0aac-4619-8642-7c17ead6ed45,tawheed,medium,الشرك الذي يُحبط جميع الأعمال ويخلّد صاحبه في النار هو:,الإجابة الصحيحة: الشرك الأكبر,,,
7b215406-6b92-4e5b-a4c7-d209ee5ca70e,tawheed,medium,"""ومن حُلف له بالله"" — فعليه أن:",الإجابة الصحيحة: يرضى,,,
7b88d575-87a2-4075-91d9-a8abf32bd235,tawheed,medium,الملائكة تصيبهم عند سماع كلام الله:,الإجابة الصحيحة: غشية وخوف,,,
7ca6cb74-a333-4a59-8a47-d044b6ea22c5,tawheed,medium,"""لا عدوى ولا طيرة ولا هامة ولا"":",الإجابة الصحيحة: صَفَر,,,
7ce4f02d-5578-4774-9000-c08a6ca03073,tawheed,medium,"ومنها: ""لعن الله من غيّر"":",الإجابة الصحيحة: منار الأرض,,,
7dcddf2f-9a9d-4812-94fd-6736035dd65e,tawheed,medium,"""قانتاً"" معناها دوام:",الإجابة الصحيحة: الطاعة,,,
7ef4ed31-94f8-46f9-9e5f-09a7b902e4b2,tawheed,medium,"""الواهنة"" مرض يأخذ في:",الإجابة الصحيحة: العضد (الكتف),,,
80bc1390-88d3-4749-b6f5-8ec7faf53c88,tawheed,medium,لماذا سُمي الشرك ظلماً في القرآن؟,الشرك ظلم عظيم لأنه يتضمن التسوية بين الخالق والمخلوق.,,,
819843ba-85de-4777-b093-0e222ef2fde2,tawheed,medium,الحلف بغير الله — حكمه:,الحكم الصحيح هو «لا يجوز مطلقاً»، كما قرّره النصّ الشرعيّ في الباب.,,,
87c0642e-bfe5-4aa1-8843-14455b9f2230,tawheed,medium,لبس الحلقة أو الخيط لدفع البلاء شرك إذا اعتقد أنها تدفع بنفسها.,من تعلق شيئاً وكل إليه.,,,
8a19316f-2937-4ed3-93d7-b9378fcc730a,tawheed,medium,"""واتّق دعوة المظلوم فإنه ليس بينها وبين الله"":",الإجابة الصحيحة: حجاب,,,
8ba2d1f5-e3da-4101-95a5-30521ced0fa5,tawheed,medium,الذين يدخلون الجنة بغير حساب عددهم:,الإجابة الصحيحة: سبعون ألفاً,,,
8cb75807-d5e2-4536-ad27-67b5608344cd,tawheed,medium,في الباب ردٌّ على المشركين الذين يعبدون:,الإجابة الصحيحة: الملائكة والأنبياء والصالحين,,,
8dd9a497-e703-41b0-8273-31620839e3c7,tawheed,medium,"""النوء"" في الأصل يُطلق على:",الإجابة الصحيحة: منازل القمر/النجوم,,,
93710d33-5a37-4812-9ff4-5b4b44916ad5,tawheed,medium,لماذا اعتُبر التبرك بالأحجار والأشجار شركاً؟,التبرك بغير ما ورد به الشرع يعتبر شركاً إذا اعتقد أن ذلك الشيء يبارك بذاته.,,,
93d8020b-061b-4abe-a54b-5f4eee4de041,tawheed,medium,"قول ""ما شاء الله ثم شئت"" — حكمه:",الحكم الصحيح هو «جائز»، كما قرّره النصّ الشرعيّ في الباب.,,,
945f8d29-b14d-4eee-bf99-c3fb8f9b5ffd,tawheed,medium,الرُّقية الجائزة هي الخالية من الشرك، وما خصّها الدليل منها رقية:,الإجابة الصحيحة: العين والحُمَة,,,
95aa3249-3986-447e-9686-cead1d5540a6,tawheed,medium,الرقية بالقرآن والأدعية الصحيحة جائزة.,الرقية الشرعية مستحبة.,,,
98bb8c47-a9c9-474b-a250-a2818b4da387,tawheed,medium,"""من علّق تميمة فقد أشرك"" — هذا الشرك:",الإجابة الصحيحة: أصغر أو أكبر بحسب الاعتقاد,,,
9980f48a-b3d0-4514-981c-6f7247604a7d,tawheed,medium,ما الفرق بين الأمن الكامل والهداية الكاملة في فضل التوحيد؟,قال تعالى: (الذين آمنوا ولم يلبسوا إيمانهم بظلم أولئك لهم الأمن وهم مهتدون).,,,
a121ca42-71f0-4276-a547-9e7522fca678,tawheed,medium,"""لعن الله من غيّر منار"":",الإجابة الصحيحة: الأرض,,,
a22ef60a-3ecb-45e2-a127-af2c81a6db99,tawheed,medium,الاستهزاء بالله وآياته ورسوله:,الإجابة الصحيحة: كفر,,,
a2c8e47d-a2f4-47f0-be94-239e2326c8e1,tawheed,medium,"""لا تعتذروا قد كفرتم بعد"":",الإجابة الصحيحة: إيمانكم,,,
a37c64c3-c58e-4638-9e39-7ba1c5696441,tawheed,medium,الشرك سمّي ظلماً لأنه:,الإجابة الصحيحة: وضع للعبادة في غير موضعها,,,
a3dc0dad-7499-4c95-8431-f59df6223f90,tawheed,medium,الاستعانة بالحيّ الحاضر القادر فيما يقدر عليه:,الإجابة الصحيحة: جائزة,,,
a81056cb-d3e3-4c51-8268-eb1ba5704758,tawheed,medium,قول: توكلت على الله وعليك شرك أصغر.,الواو تقتضي التشريك.,,,
ac20e8b9-b785-4d0d-ad10-3e723f64199e,tawheed,medium,تعليق التمائم اعتقاداً أنها تدفع الضر بنفسها من:,الإجابة الصحيحة: الشرك,,,
ae94b9d1-c321-41c4-8682-240b03f98174,tawheed,medium,التشريع من خصائص:,الإجابة الصحيحة: الربوبية,,,
b0665efd-db1d-4d4c-bb9f-47f6b746da95,tawheed,medium,"في رواية: ""لا تسبّوا الدهر فإن الله"":",الإجابة الصحيحة: هو الدهر,,,
b35cfcc2-375b-4c14-850f-a5077d9a3669,tawheed,medium,التميمة المعلّقة إذا كانت من القرآن، فابن مسعود كان:,الإجابة الصحيحة: ينهى عنها,,,
b4c48977-b3ad-45a7-90f4-cf0e750007c4,tawheed,medium,أول ما يدعو إليه معاذ أهل اليمن:,الإجابة الصحيحة: شهادة أن لا إله إلا الله,,,
b8d049a1-9269-448f-b283-a29386643a8e,tawheed,medium,"""من علّق تميمة فلا أتمّ الله له"" — رواه عن النبي ﷺ:",الإجابة الصحيحة: عقبة بن عامر,,,
ba197b8b-fbff-43d5-be90-f04ed5ec912e,tawheed,medium,من اعتقد أن الدهر فاعل مستقلّ مع الله فهو:,الإجابة الصحيحة: مشرك,,,
bb4f46f3-dd0a-4677-921d-6467255f6e4a,tawheed,medium,الرقى المشروعة خُصّت بما يكون من العين و:,الإجابة الصحيحة: الحُمة (لدغة ذات السم),,,
c06cb748-cd3b-4529-940b-a3f237ed7fde,tawheed,medium,تعلم النجوم لمعرفة الفصول والأوقات جائز.,أما الاعتقاد بتأثيرها فحرام.,,,
c456ef68-5e71-4cfe-8712-e1bcadd8ca07,tawheed,medium,متى تكون الرقية شركاً؟,الرقية المحرمة: ما كان فيها استعانة بالجن أو بأسماء مجهولة.,,,
c4b52c3b-55ab-4845-a2a5-df699196d21a,tawheed,medium,النهي عن سبّ الريح لأنه يخل بـ:,الإجابة الصحيحة: التوحيد,,,
c54d1682-3662-427d-a959-c54766568898,tawheed,medium,من سبّ الدهر فقد آذى الله، لأنه في الحقيقة يسبّ:,الإجابة الصحيحة: مدبّر الأمور (الله),,,
c674604e-9fb0-44f3-9951-6ddac545fe18,tawheed,medium,سبّ الدهر إذا اعتُقد أنه فاعلٌ مع الله:,الإجابة الصحيحة: شرك,,,
c6d5c2e9-e741-4c7a-903f-61107e63097e,tawheed,medium,لا يملك أحدٌ شفاعةً عند الله إلا بـ:,الإجابة الصحيحة: إذنه,,,
cdcf1909-c177-465a-8192-c6ba6fd2bdd7,tawheed,medium,ما هو الشرك الأصغر الذي خشيه النبي ﷺ على أمته أكثر من المسيح الدجال؟,قال ﷺ: أخوف ما أخاف عليكم الشرك الأصغر قالوا: وما هو؟ قال: الرياء.,,,
ce175776-7e1a-4c24-8e2b-6d7fa940acf8,tawheed,medium,"""من حلف بالله فليصدق، ومن لم يرضَ فليس"":",الإجابة الصحيحة: من الله,,,
cfdd27aa-ea8f-4d5c-8399-15db5d17af9a,tawheed,medium,الذي أبى أن يُقرّب ولو ذُباباً فضربوا عنقه — مصيره:,الإجابة الصحيحة: دخل الجنة,,,
cfe3b156-db45-49b2-8f99-009186fbdb2b,tawheed,medium,التوحيد الذي هو إفراد الله بالعبادة يسمى:,الإجابة الصحيحة: توحيد الألوهية,,,
d059e34a-7c7e-4a2c-8519-1761c2526453,tawheed,medium,"""اللات"" في الأصل كان رجلاً:",الإجابة الصحيحة: يلتّ السويق للحاج,,,
d430321b-4e43-4a98-940c-3a532f545876,tawheed,medium,والذي لم يقرّب شيئاً وقُتل في حديث الذباب:,الإجابة الصحيحة: دخل الجنة,,,
d8dfe2df-419d-44df-96af-9dfcb47357db,tawheed,medium,ما حكم النشرة (حل السحر بالسحر)؟,النشرة الجاهلية محرمة.,,,
da573aab-8ad3-4fb2-a37d-2bcd5aa4993d,tawheed,medium,سبّ الدهر محرّم لأن مدبّر ما يجري فيه هو:,الإجابة الصحيحة: الله,,,
dcdd2714-5e35-4b4c-811d-feaab1306cfd,tawheed,medium,كم عدد الذين يدخلون الجنة بغير حساب؟,سبعون ألفاً مع كل ألف سبعون ألفاً.,,,
de6475f4-5d82-4bb1-a4c6-2708898479dd,tawheed,medium,ماذا قال النبي ﷺ لعلي رضي الله عنه قبل فتح خيبر؟,قال ﷺ: فوالله لأن يهدي الله بك رجلاً واحداً خير لك من حمر النعم.,,,
de746897-feac-4d53-a637-db751ad1b7bf,tawheed,medium,الصبر على أقدار الله المؤلمة:,الإجابة الصحيحة: من تمام الإيمان,,,
df5108ef-c680-4871-90b4-f87d718b4d57,tawheed,medium,ما حكم الذبح لله في مكان كان يُذبح فيه لغير الله سابقاً؟,النبي ﷺ أذن للرجل بالوفاء بنذره بعد أن سأله: هل كان فيها وثن يعبد أو عيد لهم؟,,,
e13e4ad4-c63c-4d9a-a525-05a58d7d52f1,tawheed,medium,"""من حُلف له بالله فليرضَ، ومن لم يرضَ فليس من"":",الإجابة الصحيحة: الله,,,
e4f11a98-c645-4925-928b-ca8c3de9bd02,tawheed,medium,الشفاعة التي نفاها القرآن هي:,الشفاعة التي فيها شرك منتفية يوم القيامة.,,,
e5a18ba9-d424-4953-97f5-cc4a52c7bce8,tawheed,medium,"لمّا طلب الصحابة ""اجعل لنا ذات أنواط"" شبّه النبي ﷺ قولهم بقول بني إسرائيل:",الإجابة الصحيحة: اجعل لنا إلهاً,,,
e9dc8ba1-872d-4fe5-8cf4-5b519fd0658b,tawheed,medium,كلما انتشر الجهل في الأمة ظهر الكهان، وكلما كثر العلم:,الإجابة الصحيحة: قلّ الكهان,,,
ee6a5d9b-c802-4d0d-b362-8eefb47ea716,tawheed,medium,يجب على الداعية أن يبدأ دعوته بتعليم الصلاة.,بل يبدأ بالتوحيد كما أمر النبي ﷺ معاذاً.,,,
ee92bd22-8a60-47b8-9724-c57ae4a75560,tawheed,medium,يُكنّى الرجل بأكبر:,الإجابة الصحيحة: بنيه,,,
f0551af9-8f63-4254-a7e1-8c148f6bafe9,tawheed,medium,التِّوَلة شيء يُصنع يزعمون أنه:,الإجابة الصحيحة: يحبب المرأة إلى زوجها,,,
f4330c7d-83b9-4bc4-811e-20ec13c8aeac,tawheed,medium,حذّر النبي ﷺ معاذاً من أخذ كرائم الأموال، أي:,الإجابة الصحيحة: خيار المال,,,
f48ef856-cf46-4a40-8e36-5f7104f14a90,tawheed,medium,ما حكم إتيان الكهان والعرافين؟,من أتى عرافاً فسأله عن شيء لم تقبل له صلاة أربعين ليلة.,,,
f5eb6a70-be43-46d8-afe3-a3481c2b6759,tawheed,medium,"""منار الأرض"" المقصود به:",الإجابة الصحيحة: حدودها وأعلامها الفاصلة,,,
f6d3272b-18d7-4a62-9b25-d6e3eb67bb3c,tawheed,medium,"معنى ""يؤذيني ابن آدم"" أنه يصف الله بـ:",«صفات النقص» هو المعنى الصحيح المذكور في شرح الكتاب لهذه الكلمة/المصطلح.,,,
f810ad04-6a66-4c32-b8fe-47d23f1c8b75,tawheed,medium,لماذا كان تعلم السحر كفراً؟,السحر لا يُتعلم إلا بعبادة الشياطين.,,,
f9c455f2-6200-44ab-9579-8051fa885501,tawheed,medium,لُعن في الحديث من آوى:,الإجابة الصحيحة: مُحدِثاً,,,
fa79f07c-f0d9-4a92-a28b-ee47d2104c53,tawheed,medium,"في حديث ""دخل رجل النار في ذُباب"" دخلها لأنه:",الإجابة الصحيحة: قرّب ذباباً لصنم,,,
fabf0772-732e-463b-92b2-d086fe371727,tawheed,medium,"في الحديث القدسي: ""أصبح من عبادي مؤمن بي و"":",الإجابة الصحيحة: كافر,,,
fb26ac3b-5e44-4831-89a2-446a7b7efa67,tawheed,medium,الخوف من غير الله كالخوف من الموتى تعبداً شرك أكبر.,لأنه خوف تعبدي صُرف لغير الله.,,,
fc43ad7d-27ed-4266-816b-603cd16efb3e,tawheed,medium,التولة (تحبيب المرأة لزوجها) من الشرك.,قال ﷺ: إن الرقى والتمائم والتولة شرك.,,,
fd61d4aa-78b5-4fdc-8cea-19a35b514b7f,tawheed,medium,الخوف من الشرك الأصغر ورد في حديث:,الإجابة الصحيحة: أخوف ما أخاف عليكم الشرك الأصغر,,,
fe47d3ab-b025-4ed8-b860-2a7a27056af8,tawheed,medium,"النبي ﷺ علّم من أراد الحلف أن يقول: ""وربّ"":",الإجابة الصحيحة: الكعبة,,,
ff421e92-583f-4f6e-9c2c-2d6437826ead,tawheed,medium,لماذا لا يجوز الأمن من مكر الله؟,الأمن من مكر الله من الكبائر.,,,
ff50232f-88ff-44b7-a9c2-220eee83a838,tawheed,medium,محبة النبي ﷺ واجبة وتابعة لمحبة الله.,يجب أن يكون الله ورسوله أحب إلينا مما سواهما.,,,
fffea01c-4f20-4dda-b6f3-866b7de378ba,tawheed,medium,ما الذي يجعل العبد من السبعين ألفاً الذين يدخلون الجنة بغير حساب؟,الحديث دل على أن من حقق التوحيد وتوكل على الله كان من السبعين ألفاً.,,,
07d01f29-b988-4574-8ca1-9cedad8ca864,usool,easy,ما الأسئلة الثلاثة في القبر؟,من ربك؟ وما دينك؟ ومن نبيك؟,,,
16ecb0b3-3e5e-4823-ac0f-7440174c37e1,usool,easy,ما الدليل على أن العلم قبل العمل؟,بدأ بالعلم قبل القول والعمل.,,,
291b441a-fc15-4d1c-b359-25c129fd1a64,usool,easy,صبر العبد ثلاثة أنواع: على الطاعة، وعن المعصية، و:,الإجابة الصحيحة: على أقدار الله المؤلمة,,,
323ba563-ffd8-455e-8551-dfc13d4656c3,usool,easy,من هو مؤلف الأصول الثلاثة؟,شيخ الإسلام محمد بن عبد الوهاب التميمي رحمه الله.,,,
36a87ca3-1a33-46b7-8640-d9cf7215d72d,usool,easy,الأصول الثلاثة التي يُسأل عنها العبد هي:,الإجابة الصحيحة: معرفة الله ونبيه ودينه,,,
390a98fa-c43d-41d2-80f0-82a6894ba5db,usool,easy,المؤلف وُلد في مكة.,ولد في بلدة العيينة.,,,
3c6a55b5-9c87-4cbe-8963-9ea596edf789,usool,easy,من هو نبينا؟,نبينا محمد بن عبد الله بن عبد المطلب بن هاشم.,,,
3de5c20f-1bb6-4549-b43b-be29806bc6f8,usool,easy,كم عمر النبي ﷺ؟,له من العمر ثلاث وستون سنة.,,,
45744265-d776-4a7b-8138-ea1a59c9f040,usool,easy,معرفة الله تكون بمعرفة:,الإجابة الصحيحة: آياته ومخلوقاته,,,
45b11c1a-6569-4653-85ee-fc3397d5dce7,usool,easy,لماذا سميت بالأصول الثلاثة؟,لأنها تتحدث عن الأمور الثلاثة التي يسأل عنها الإنسان في قبره.,,,
49500208-c784-41c5-a418-1802ec43e18b,usool,easy,الصبر المطلوب في تعلّم العلم ثلاثة أنواع، منها:,الإجابة الصحيحة: الصبر على طاعة الله,,,
5963941f-e801-4c27-8a42-2e1bc89e00f6,usool,easy,متى توفي المؤلف؟,توفي عام 1206 هجرية.,,,
6338b109-396a-450a-b982-6b8a23addb26,usool,easy,مراتب الدين ثلاث هي:,الإجابة الصحيحة: الإسلام والإيمان والإحسان,,,
63d10ede-72e5-4c47-9f9e-cdaeb91e8864,usool,easy,الدعوة إلى الله تكون:,الإجابة الصحيحة: على بصيرة,,,
66db9e22-c10c-44ad-875c-e8081d21d442,usool,easy,النبي ﷺ عاش 63 سنة.,,,,
75c3be96-2261-4505-8c3f-34a2b4881ff0,usool,easy,مرتبة الإحسان أن تعبد الله:,الإجابة الصحيحة: كأنك تراه,,,
79265c77-c40b-45ad-a367-5a5b6b88e4ef,usool,easy,إذا قيل لك: من ربك؟ فماذا تقول؟,ربي الله الذي رباني بنعمه وهو معبودي.,,,
79aede6f-0a02-4c6e-b467-0d0445355194,usool,easy,الأصول الثلاثة سميت بذلك لأنها تشرح أصول الفقه.,بل لأنها تجيب عن أسئلة القبر الثلاثة.,,,
971de374-b952-4843-bd00-fbbb9f29be49,usool,easy,أين ولد المؤلف؟,ولد في بلدة العيينة سنة 1115 هـ.,,,
a2aa5b8f-ab38-43ba-9757-335e4073c5af,usool,easy,معرفة النبي ﷺ تشمل معرفة:,الإجابة الصحيحة: اسمه ونسبه وما بُعث به,,,
c0177eaf-4cb9-4c0a-8e87-1092a0729381,usool,easy,أعظم ما نهى الله عنه هو:,أعظم ما نهى الله عنه الشرك.,,,
c68b2f57-38b0-4671-ad6d-c546eeea2945,usool,easy,ما المسائل الأربع التي يجب تعلمها؟,العلم، والعمل به، والدعوة إليه، والصبر على الأذى فيه.,,,
cae566ed-4e67-442d-a8bd-df8c76928ebd,usool,easy,بماذا تعرف ربك؟,تعرف ربك بآياته ومخلوقاته.,,,
03f2c78f-e53a-4053-a3ee-a1b9e666220d,usool,hard,مدار قبول العمل على:,الإجابة الصحيحة: الإخلاص والمتابعة,,,
06ded618-669a-40ce-8574-4da46b041242,usool,hard,دليل الذبح لله (النسك):,قوله: (فصل لربك وانحر).,,,
06fc0cee-2813-4e0e-a501-99fe3d43c1ba,usool,hard,مراتب الدين ثلاث: الإسلام والإيمان و:,الإجابة الصحيحة: الإحسان,,,
119d35bc-1357-43b6-a136-0700351ecf99,usool,hard,يجوز النذر لغير الله إذا كان للصالحين.,النذر عبادة لا تصرف إلا لله.,,,
33ffca65-ef4b-479b-a908-fa1a61f140a7,usool,hard,ركن الإحسان أن تعبد الله كأنك:,الإجابة الصحيحة: تراه,,,
368eaefe-d8db-42f8-8490-b4a239b1187c,usool,hard,الهجرة من بلد الشرك إلى بلد الإسلام:,الإجابة الصحيحة: فريضة,,,
445f59e9-9003-48d1-88b1-df671eddbbfd,usool,hard,"""يا أيها المدّثر قم فأنذر"" نزلت فجعلته:",الإجابة الصحيحة: رسولاً,,,
489d8450-b71e-4eab-8653-8af373f67d0d,usool,hard,الدليل على نبوة محمد ﷺ سورة:,الإجابة الصحيحة: المدّثر,,,
4c26105a-8995-4fde-98e5-da810877084d,usool,hard,الأصل الثاني من الأصول الثلاثة هو معرفة:,الإجابة الصحيحة: دين الإسلام بالأدلة,,,
4c3e7acf-29b9-4030-859e-b29dc84fd9f8,usool,hard,"معنى ""لا إله"" في كلمة التوحيد:",«نفي جميع ما يُعبد من دون الله» هو المعنى الصحيح المذكور في شرح الكتاب لهذه الكلمة/المصطلح.,,,
5160169e-5368-44b1-81b7-cf4074a86523,usool,hard,دليل النذر لله:,قوله: (يوفون بالنذر).,,,
52391f7e-5633-46c2-b7f6-2782610cfc37,usool,hard,"""التوحيد"" في تعريف المؤلف هو:",«إفراد الله بالعبادة وترك عبادة ما سواه» هو المعنى الصحيح المذكور في شرح الكتاب لهذه الكلمة/المصطلح.,,,
6d7be3b8-0192-4899-a49d-1e6562155dd0,usool,hard,"معنى ""الحنيفية"" ملة إبراهيم:",«إفراد الله بالعبادة والإعراض عما سواه» هو المعنى الصحيح المذكور في شرح الكتاب لهذه الكلمة/المصطلح.,,,
6dd4f1ed-fc50-4c23-892b-1fae60187295,usool,hard,"""العلم"" المراد في الأصول هو:",الإجابة الصحيحة: معرفة الله ونبيه ودينه بالأدلة,,,
75ec058a-b062-4a7b-a279-0d9998f79d38,usool,hard,أنواع التوحيد ثلاثة هي:,الإجابة الصحيحة: الربوبية والألوهية والأسماء والصفات,,,
7759d92f-b196-4201-962a-558ef300f957,usool,hard,الدين الذي بعث الله به محمداً ﷺ هو:,الإجابة الصحيحة: الإسلام,,,
83b23ea8-83d5-49a4-b927-a67372fbc35a,usool,hard,الخوف والرجاء والتوكل عبادات قلبية.,وهي من أنواع العبادة التي أمر الله بها.,,,
a4c4cb5f-9b20-450b-a192-d6280955ee90,usool,hard,"""العلم"" المطلوب في الأصل الأول هو معرفة:",الإجابة الصحيحة: الله ونبيه ودين الإسلام بالأدلة,,,
bfa74b2a-a0ca-41c0-90ff-eeccd0872cd9,usool,hard,"معنى ""إلا الله"":",«إثبات العبادة لله وحده» هو المعنى الصحيح المذكور في شرح الكتاب لهذه الكلمة/المصطلح.,,,
d4c2155a-db1c-4adc-aa8a-776f7991c93b,usool,hard,مصارف الزكاة المذكورة في القرآن:,الإجابة الصحيحة: ثمانية أصناف,,,
fd3b3748-4d5e-45a8-98fa-874252ec0136,usool,hard,"ركنا ""لا إله إلا الله"" هما:",الإجابة الصحيحة: النفي والإثبات,,,
fec0ad31-5e95-48e9-adc8-bab72b79906f,usool,hard,"""اقرأ باسم ربك الذي خلق"" نزلت فجعلته:",الإجابة الصحيحة: نبياً,,,
004bafb8-c799-4a85-a78a-46282c27ca1a,usool,medium,ما معنى الهجرة؟,الهجرة: الانتقال من بلد الشرك إلى بلد الإسلام.,,,
01b52421-bfcb-42b0-9034-591c60e3d641,usool,medium,أركان الإيمان ستة، منها:,أن تؤمن بالله وملائكته وكتبه ورسله واليوم الآخر والقدر.,,,
0291b09c-537f-45e0-b8b0-bfaf14d919bc,usool,medium,بماذا أُرسل النبي ﷺ أولاً؟,بعثه الله بالنذارة عن الشرك ويدعو إلى التوحيد.,,,
084f1a43-0d4a-4f47-a707-5d129dbbc1c4,usool,medium,"الشهادة ""محمد رسول الله"" تقتضي:",الإجابة الصحيحة: طاعته فيما أمر وتصديقه فيما أخبر,,,
085b6169-6a01-4998-b190-d30a3296ae00,usool,medium,تعرف ربك بآياته ومخلوقاته.,الليل والنهار والشمس والقمر من آياته.,,,
38050b3a-babc-450a-8904-aa43288de9b8,usool,medium,العلم قبل العمل واجب.,بدأ الله بالعلم قبل القول والعمل.,,,
3d67e37f-25a0-4485-adb0-1e9601625d14,usool,medium,ما تعريف الإحسان؟,أن تعبد الله كأنك تراه.,,,
4116d4b3-fd57-4fc9-a4de-0b12024fef7e,usool,medium,الدعاء نوعان:,دعاء المسألة: طلب الحاجات، ودعاء العبادة: الصلاة والصيام.,,,
44c0fa04-4e25-40dc-8b0e-9a4ea3ff9291,usool,medium,دليل الخوف من الله:,قوله تعالى: (فلا تخافوهم وخافوني إن كنتم مؤمنين).,,,
51b3515c-278d-4df5-a4fb-a7b71c920153,usool,medium,ما هي العبادة؟,العبادة: اسم جامع لكل ما يحبه الله ويرضاه.,,,
5556e086-7f16-4278-9896-2e6a809ae5d4,usool,medium,الرب هو الخالق لهذه الأشياء وهو المستحق للعبادة.,قال ابن كثير: الخالق لهذه الأشياء هو المستحق للعبادة.,,,
63c2cfd9-1172-45ec-b2af-f28925cc1053,usool,medium,الدليل على وجوب الدعوة إلى الله من سورة:,الإجابة الصحيحة: العصر,,,
6769cf7a-283a-402f-9dd6-7c92de767dd5,usool,medium,أول واجب على العبد هو:,الإجابة الصحيحة: معرفة الله,,,
68277684-9448-4d6e-816c-9ea1d9f4eb91,usool,medium,من أنواع العبادة:,الخوف والرجاء والتوكل والرغبة والرهبة والخشوع كلها عبادات.,,,
736116de-b4ed-4a86-88b9-864dc9d070d2,usool,medium,دليل التوكل على الله:,قوله: (وعلى الله فتوكلوا إن كنتم مؤمنين).,,,
7396f144-0193-45ed-b5a9-af556c24f631,usool,medium,المراتب الأربع التي يجب تعلمها هي:,الإجابة الصحيحة: العلم والعمل والدعوة والصبر,,,
7c5070d9-a5d4-4ed6-b5f5-83c54a6b2da9,usool,medium,أركان الإسلام أولها:,الإجابة الصحيحة: الشهادتان,,,
996dc082-6aba-408e-9709-9e2336e6e0c6,usool,medium,الهجرة هي السفر للسياحة.,بل الانتقال من بلد الشرك إلى بلد الإسلام.,,,
9f8799c0-1350-4ea9-ab20-8e85fc579416,usool,medium,هل يرضى الله أن يُشرك معه أحد في عبادته؟,لا يرضى الله أن يشرك معه أحد.,,,
a004480b-4a29-4568-9962-95152cd0dade,usool,medium,كم سنة مكث النبي يدعو للتوحيد قبل أن تفرض الصلوات؟,أخذ على هذا عشر سنين يدعو إلى التوحيد.,,,
ba9248fa-89c6-4afc-bc87-75de3d59fe13,usool,medium,ما تعريف الإسلام؟,الإسلام: الاستسلام لله بالتوحيد والانقياد له بالطاعة.,,,
be04d3f7-8a37-4530-8555-2c66c59d9970,usool,medium,الإيمان بالقدر خيره وشره من أركان الإيمان.,وتؤمن بالقدر خيره وشره.,,,
c055e3dc-5298-4f90-9f5a-4994fc90fe94,usool,medium,أركان الإسلام الخمسة هي:,بني الإسلام على خمس.,,,
c549c1de-82ac-4d19-9a1c-f02cc6b3da5a,usool,medium,كم أنواع الشرك؟,الشرك الأكبر والشرك الأصغر.,,,
d3e5d0d4-711f-46ac-b7a3-840b9258f67c,usool,medium,الهجرة باقية إلى أن تقوم الساعة.,الهجرة فريضة على هذه الأمة.,,,
e51e1871-5d53-4f6d-81b1-4a34343497af,usool,medium,ما معنى (العالم)؟,كل ما سوى الله عالم.,,,
f9f15cec-cedd-45bc-a105-e7ce7f6ca806,usool,medium,الهجرة في دين الإسلام هي الانتقال:,الإجابة الصحيحة: من بلد الشرك إلى بلد الإسلام,,,
